Gk Sort	book	b	c	v	Heading	Crossref
1	Matthew	40	1	1	The Genealogy of Jesus	『ruth｜4｜18｜Ruth 4:18-22』『luke｜3｜23｜Luke 3:23-38』
344	Matthew	40	1	18	The Birth of Jesus	『isaiah｜7｜10｜Isaiah 7:10-16』『micah｜5｜1｜Micah 5:1-6』『luke｜2｜1｜Luke 2:1-7』
537	Matthew	40	2	1	The Pilgrimage of the Magi	
805	Matthew	40	2	13	The Flight to Egypt	『hosea｜11｜1｜Hosea 11:1-7』
895	Matthew	40	2	16	The Slaughter of Infants	『jeremiah｜31｜1｜Jeremiah 31:1-30』
973	Matthew	40	2	19	The Return to Nazareth	『isaiah｜61｜1｜Isaiah 61:1-11』『matthew｜13｜53｜Matthew 13:53-58』『mark｜6｜1｜Mark 6:1-6』『luke｜2｜39｜Luke 2:39-40』『luke｜4｜16｜Luke 4:16-30』
1086	Matthew	40	3	1	The Mission of John the Baptist	『isaiah｜40｜1｜Isaiah 40:1-5』『mark｜1｜1｜Mark 1:1-8』『luke｜3｜1｜Luke 3:1-20』『john｜1｜19｜John 1:19-28』
1370	Matthew	40	3	13	The Baptism of Jesus	『mark｜1｜9｜Mark 1:9-11』『luke｜3｜21｜Luke 3:21-22』『john｜1｜29｜John 1:29-34』
1489	Matthew	40	4	1	The Temptation of Jesus	『mark｜1｜12｜Mark 1:12-13』『luke｜4｜1｜Luke 4:1-13』
1718	Matthew	40	4	12	Jesus Begins His Ministry	『isaiah｜9｜1｜Isaiah 9:1-7』『mark｜1｜14｜Mark 1:14-15』『luke｜4｜14｜Luke 4:14-15』
1823	Matthew	40	4	18	The First Disciples	『matthew｜13｜47｜Matthew 13:47-52』『mark｜1｜16｜Mark 1:16-20』『luke｜5｜1｜Luke 5:1-11』『john｜1｜35｜John 1:35-42』
1932	Matthew	40	4	23	Jesus Heals the Multitudes	『luke｜6｜17｜Luke 6:17-19』
2019	Matthew	40	5	1	The Sermon on the Mount	
2051	Matthew	40	5	3	The Beatitudes	『psalms｜1｜1｜Psalm 1:1-6』『luke｜6｜20｜Luke 6:20-23』
2198	Matthew	40	5	13	Salt and Light	『philippians｜2｜12｜Philippians 2:12-18』
2296	Matthew	40	5	17	The Fulfillment of the Law	
2413	Matthew	40	5	21	Anger and Reconciliation	『luke｜12｜57｜Luke 12:57-59』
2576	Matthew	40	5	27	Adultery	『leviticus｜18｜1｜Leviticus 18:1-30』
2682	Matthew	40	5	31	Divorce	『deuteronomy｜24｜1｜Deuteronomy 24:1-5』『luke｜16｜18｜Luke 16:18-18』
2724	Matthew	40	5	33	Oaths and Vows	『numbers｜30｜1｜Numbers 30:1-16』
2826	Matthew	40	5	38	Love Your Enemies	『leviticus｜24｜17｜Leviticus 24:17-23』『luke｜6｜27｜Luke 6:27-36』
3046	Matthew	40	6	1	Giving to the Needy	『deuteronomy｜15｜7｜Deuteronomy 15:7-11』
3154	Matthew	40	6	5	The Lord's Prayer	『luke｜11｜1｜Luke 11:1-4』
3406	Matthew	40	6	16	Proper Fasting	
3481	Matthew	40	6	19	Treasures in Heaven	『matthew｜13｜44｜Matthew 13:44-46』
3542	Matthew	40	6	22	The Lamp of the Body	『luke｜11｜33｜Luke 11:33-36』
3626	Matthew	40	6	25	Do Not Worry	『luke｜12｜22｜Luke 12:22-34』
3854	Matthew	40	7	1	Do Not Judge	『luke｜6｜37｜Luke 6:37-42』『romans｜14｜1｜Romans 14:1-12』
3986	Matthew	40	7	7	Ask, Seek, Knock	『luke｜11｜5｜Luke 11:5-13』
4107	Matthew	40	7	13	The Narrow Gate	『luke｜13｜22｜Luke 13:22-30』
4159	Matthew	40	7	15	A Tree and its Fruit	『matthew｜12｜33｜Matthew 12:33-37』『luke｜6｜43｜Luke 6:43-45』
4338	Matthew	40	7	24	The House on the Rock	『luke｜6｜46｜Luke 6:46-49』
4449	Matthew	40	7	28	The Authority of Jesus	
4486	Matthew	40	8	1	The Leper's Prayer	『leviticus｜14｜1｜Leviticus 14:1-32』『mark｜1｜40｜Mark 1:40-45』『luke｜5｜12｜Luke 5:12-16』
4564	Matthew	40	8	5	The Faith of the Centurion	『luke｜7｜1｜Luke 7:1-10』『john｜4｜43｜John 4:43-54』
4768	Matthew	40	8	14	Jesus Heals at Peter's House	『mark｜1｜29｜Mark 1:29-34』『luke｜4｜38｜Luke 4:38-41』
4850	Matthew	40	8	18	The Cost of Discipleship	『luke｜9｜57｜Luke 9:57-62』『luke｜14｜25｜Luke 14:25-33』『john｜6｜60｜John 6:60-65』
4953	Matthew	40	8	23	Jesus Calms the Storm	『mark｜4｜35｜Mark 4:35-41』『luke｜8｜22｜Luke 8:22-25』
5046	Matthew	40	8	28	The Demons and the Pigs	『mark｜5｜1｜Mark 5:1-20』『luke｜8｜26｜Luke 8:26-39』
5209	Matthew	40	9	1	Jesus Heals a Paralytic	『mark｜2｜1｜Mark 2:1-12』『luke｜5｜17｜Luke 5:17-26』
5368	Matthew	40	9	9	The Calling of Matthew	『mark｜2｜13｜Mark 2:13-17』『luke｜5｜27｜Luke 5:27-32』
5481	Matthew	40	9	14	Questions about Fasting	『mark｜2｜18｜Mark 2:18-20』『luke｜5｜33｜Luke 5:33-35』
5541	Matthew	40	9	16	The Patches and the Wineskins	『mark｜2｜21｜Mark 2:21-22』『luke｜5｜36｜Luke 5:36-39』
5601	Matthew	40	9	18	The Healing Touch of Jesus	『mark｜5｜21｜Mark 5:21-43』『luke｜8｜40｜Luke 8:40-56』
5775	Matthew	40	9	27	Jesus Heals the Blind and Mute	『isaiah｜35｜1｜Isaiah 35:1-10』『mark｜7｜31｜Mark 7:31-37』
5921	Matthew	40	9	35	The Lord of the Harvest	
6008	Matthew	40	10	1	The Twelve Apostles	『mark｜3｜13｜Mark 3:13-19』『luke｜6｜12｜Luke 6:12-16』
6098	Matthew	40	10	5	The Ministry of the Twelve	『mark｜6｜7｜Mark 6:7-13』『luke｜9｜1｜Luke 9:1-6』
6314	Matthew	40	10	16	Sheep among Wolves	『2_timothy｜1｜6｜2 Timothy 1:6-12』
6542	Matthew	40	10	26	Fear God Alone	『luke｜12｜4｜Luke 12:4-7』
6663	Matthew	40	10	32	Confessing Christ	『luke｜12｜8｜Luke 12:8-12』
6711	Matthew	40	10	34	The Sword of the Gospel	『luke｜12｜49｜Luke 12:49-53』
6765	Matthew	40	10	37	Take up Your Cross	『matthew｜16｜24｜Matthew 16:24-28』『mark｜8｜34｜Mark 8:34-38』『luke｜9｜23｜Luke 9:23-27』
6832	Matthew	40	10	40	The Reward of Service	『2_kings｜4｜8｜2 Kings 4:8-17』
6899	Matthew	40	11	1	John's Inquiry	『luke｜7｜18｜Luke 7:18-23』
7007	Matthew	40	11	7	Jesus Testifies about John	『luke｜1｜5｜Luke 1:5-25』『luke｜7｜24｜Luke 7:24-35』『luke｜16｜14｜Luke 16:14-17』
7261	Matthew	40	11	20	Woe to the Unrepentant	『luke｜10｜13｜Luke 10:13-16』
7374	Matthew	40	11	25	Rest for the Weary	『luke｜10｜21｜Luke 10:21-24』
7512	Matthew	40	12	1	The Lord of the Sabbath	『1_samuel｜21｜1｜1 Samuel 21:1-9』『mark｜2｜23｜Mark 2:23-28』『luke｜6｜1｜Luke 6:1-5』
7680	Matthew	40	12	9	Jesus Heals on the Sabbath	『mark｜3｜1｜Mark 3:1-6』『luke｜6｜6｜Luke 6:6-11』
7794	Matthew	40	12	15	God's Chosen Servant	『isaiah｜42｜1｜Isaiah 42:1-9』
7915	Matthew	40	12	22	A House Divided	『mark｜3｜20｜Mark 3:20-27』『luke｜11｜14｜Luke 11:14-23』
8116	Matthew	40	12	31	The Unpardonable Sin	『mark｜3｜28｜Mark 3:28-30』
8175	Matthew	40	12	33	Good and Bad Fruit	『matthew｜7｜15｜Matthew 7:15-23』『luke｜6｜43｜Luke 6:43-45』
8288	Matthew	40	12	38	The Sign of Jonah	『luke｜11｜29｜Luke 11:29-32』
8429	Matthew	40	12	43	An Unclean Spirit Returns	『luke｜11｜24｜Luke 11:24-26』
8509	Matthew	40	12	46	Jesus' Mother and Brothers	『mark｜3｜31｜Mark 3:31-35』『luke｜8｜19｜Luke 8:19-21』
8620	Matthew	40	13	1	The Parable of the Sower	『mark｜4｜1｜Mark 4:1-9』『luke｜8｜4｜Luke 8:4-15』
8787	Matthew	40	13	10	The Purpose of Jesus' Parables	『mark｜4｜10｜Mark 4:10-12』
8975	Matthew	40	13	18	The Parable of the Sower Explained	『mark｜4｜13｜Mark 4:13-20』
9128	Matthew	40	13	24	The Parable of the Weeds	『ezekiel｜17｜1｜Ezekiel 17:1-10』
9294	Matthew	40	13	31	The Parable of the Mustard Seed	『mark｜4｜30｜Mark 4:30-34』『luke｜13｜18｜Luke 13:18-19』
9352	Matthew	40	13	33	The Parable of the Leaven	『judges｜20｜18｜Judges 20:18-23』『2_samuel｜2｜12｜2 Samuel 2:12-32』『2_chronicles｜13｜4｜2 Chronicles 13:4-19』『luke｜13｜20｜Luke 13:20-21』
9379	Matthew	40	13	34	I will Open My Mouth in Parables	『psalms｜78｜1｜Psalm 78:1-72』
9421	Matthew	40	13	36	The Parable of the Weeds Explained	『zephaniah｜1｜1｜Zephaniah 1:1-6』
9605	Matthew	40	13	44	The Parables of the Treasure and Pearl	『matthew｜6｜19｜Matthew 6:19-21』
9673	Matthew	40	13	47	The Parable of the Net	『matthew｜4｜18｜Matthew 4:18-22』『mark｜1｜16｜Mark 1:16-20』『luke｜5｜1｜Luke 5:1-11』『john｜1｜35｜John 1:35-42』
9800	Matthew	40	13	53	The Rejection at Nazareth	『isaiah｜61｜1｜Isaiah 61:1-11』『matthew｜2｜19｜Matthew 2:19-23』『mark｜6｜1｜Mark 6:1-6』『luke｜2｜39｜Luke 2:39-40』『luke｜4｜16｜Luke 4:16-30』
9931	Matthew	40	14	1	The Beheading of John	『mark｜6｜14｜Mark 6:14-29』『luke｜9｜7｜Luke 9:7-9』
10151	Matthew	40	14	13	The Feeding of the Five Thousand	『mark｜6｜30｜Mark 6:30-44』『luke｜9｜10｜Luke 9:10-17』『john｜6｜1｜John 6:1-15』
10345	Matthew	40	14	22	Jesus Walks on Water	『mark｜6｜45｜Mark 6:45-52』『john｜6｜16｜John 6:16-25』
10581	Matthew	40	14	34	Jesus Heals at Gennesaret	『mark｜6｜53｜Mark 6:53-56』
10637	Matthew	40	15	1	Tradition and Worship	『mark｜7｜1｜Mark 7:1-13』
10805	Matthew	40	15	10	What Defiles a Man	『mark｜7｜14｜Mark 7:14-23』
10999	Matthew	40	15	21	The Faith of the Canaanite Woman	『mark｜7｜24｜Mark 7:24-30』
11170	Matthew	40	15	29	The Feeding of the Four Thousand	『mark｜8｜1｜Mark 8:1-10』
11407	Matthew	40	16	1	The Demand for a Sign	『mark｜8｜11｜Mark 8:11-13』『luke｜12｜54｜Luke 12:54-56』
11494	Matthew	40	16	5	The Leaven to Beware	『mark｜8｜14｜Mark 8:14-21』
11635	Matthew	40	16	13	Peter's Confession of Christ	『mark｜8｜27｜Mark 8:27-30』『luke｜9｜18｜Luke 9:18-20』『john｜6｜66｜John 6:66-71』
11824	Matthew	40	16	21	Christ's Passion Foretold	『mark｜8｜31｜Mark 8:31-33』『luke｜9｜21｜Luke 9:21-22』
11909	Matthew	40	16	24	Take Up Your Cross	『matthew｜10｜37｜Matthew 10:37-39』『mark｜8｜34｜Mark 8:34-38』『luke｜9｜23｜Luke 9:23-27』
12046	Matthew	40	17	1	The Transfiguration	『mark｜9｜1｜Mark 9:1-13』『luke｜9｜28｜Luke 9:28-36』『2_peter｜1｜16｜2 Peter 1:16-21』
12330	Matthew	40	17	14	The Boy with a Demon	『mark｜9｜14｜Mark 9:14-29』『luke｜9｜37｜Luke 9:37-42』『luke｜17｜5｜Luke 17:5-10』
12507	Matthew	40	17	22	The Second Prediction of the Passion	『mark｜9｜30｜Mark 9:30-32』『luke｜9｜43｜Luke 9:43-45』
12545	Matthew	40	17	24	The Temple Tax	
12661	Matthew	40	18	1	The Greatest in the Kingdom	『mark｜9｜33｜Mark 9:33-37』『luke｜9｜46｜Luke 9:46-50』
12792	Matthew	40	18	7	Temptations and Trespasses	『mark｜9｜42｜Mark 9:42-50』『luke｜17｜1｜Luke 17:1-4』
12895	Matthew	40	18	10	The Parable of the Lost Sheep	『luke｜15｜1｜Luke 15:1-7』
13016	Matthew	40	18	15	A Brother who Sins	『deuteronomy｜19｜15｜Deuteronomy 19:15-21』
13173	Matthew	40	18	21	The Unforgiving Servant	『romans｜12｜14｜Romans 12:14-21』
13480	Matthew	40	19	1	Teachings about Divorce	『mark｜10｜1｜Mark 10:1-12』
13749	Matthew	40	19	13	Jesus Blesses the Children	『mark｜10｜13｜Mark 10:13-16』『luke｜18｜15｜Luke 18:15-17』
13806	Matthew	40	19	16	The Rich Young Man	『mark｜10｜17｜Mark 10:17-31』『luke｜18｜18｜Luke 18:18-30』
14140	Matthew	40	20	1	The Parable of the Workers	
14459	Matthew	40	20	17	The Third Prediction of the Passion	『mark｜10｜32｜Mark 10:32-34』『luke｜18｜31｜Luke 18:31-34』
14525	Matthew	40	20	20	A Mother's Request	『mark｜10｜35｜Mark 10:35-45』
14741	Matthew	40	20	29	The Blind Men by the Road	『mark｜10｜46｜Mark 10:46-52』『luke｜18｜35｜Luke 18:35-43』
14844	Matthew	40	21	1	The Triumphal Entry	『zechariah｜9｜9｜Zechariah 9:9-13』『mark｜11｜1｜Mark 11:1-11』『luke｜19｜28｜Luke 19:28-40』『john｜12｜12｜John 12:12-19』
15078	Matthew	40	21	12	Jesus Cleanses the Temple	『mark｜11｜15｜Mark 11:15-19』『luke｜19｜45｜Luke 19:45-48』『john｜2｜12｜John 2:12-25』
15220	Matthew	40	21	18	The Barren Fig Tree	『mark｜11｜12｜Mark 11:12-14』『mark｜11｜20｜Mark 11:20-26』
15338	Matthew	40	21	23	Jesus' Authority Challenged	『mark｜11｜27｜Mark 11:27-33』『luke｜20｜1｜Luke 20:1-8』
15474	Matthew	40	21	28	The Parable of the Two Sons	
15601	Matthew	40	21	33	The Parable of the Wicked Tenants	『mark｜12｜1｜Mark 12:1-12』『luke｜20｜9｜Luke 20:9-18』
15895	Matthew	40	22	1	The Parable of the Banquet	『luke｜14｜15｜Luke 14:15-24』
16174	Matthew	40	22	15	Paying Taxes to Caesar	『mark｜12｜13｜Mark 12:13-17』『luke｜20｜19｜Luke 20:19-26』
16321	Matthew	40	22	23	The Sadducees and the Resurrection	『mark｜12｜18｜Mark 12:18-27』『luke｜20｜27｜Luke 20:27-40』
16529	Matthew	40	22	34	The Greatest Commandment	『deuteronomy｜6｜1｜Deuteronomy 6:1-19』『mark｜12｜28｜Mark 12:28-34』
16639	Matthew	40	22	41	Whose Son is the Christ?	『mark｜12｜35｜Mark 12:35-37』『luke｜20｜41｜Luke 20:41-44』
16741	Matthew	40	23	1	Woes to Scribes and Pharisees	『luke｜11｜37｜Luke 11:37-54』
17508	Matthew	40	23	37	Lament over Jerusalem	『luke｜13｜31｜Luke 13:31-35』
17576	Matthew	40	24	1	Temple Destruction Foretold	『mark｜13｜1｜Mark 13:1-9』『luke｜21｜5｜Luke 21:5-9』
17625	Matthew	40	24	3	Signs of the End of the Age	
17745	Matthew	40	24	9	Witnessing to All Nations	『mark｜13｜10｜Mark 13:10-13』『luke｜21｜10｜Luke 21:10-19』
17844	Matthew	40	24	15	The Abomination of Desolation	『mark｜13｜14｜Mark 13:14-23』『luke｜21｜20｜Luke 21:20-24』
18037	Matthew	40	24	26	The Return of the Son of Man	『mark｜13｜24｜Mark 13:24-27』『luke｜21｜25｜Luke 21:25-28』
18199	Matthew	40	24	32	The Lesson of the Fig Tree	『mark｜13｜28｜Mark 13:28-31』『luke｜21｜29｜Luke 21:29-33』
18279	Matthew	40	24	36	Readiness at Any Hour	『genesis｜6｜1｜Genesis 6:1-7』『mark｜13｜32｜Mark 13:32-37』『luke｜12｜35｜Luke 12:35-48』
18605	Matthew	40	25	1	The Parable of the Ten Virgins	
18835	Matthew	40	25	14	The Parable of the Talents	『luke｜19｜11｜Luke 19:11-27』
19205	Matthew	40	25	31	The Sheep and the Goats	
19550	Matthew	40	26	1	The Plot to Kill Jesus	『mark｜14｜1｜Mark 14:1-2』『luke｜22｜1｜Luke 22:1-6』『john｜11｜45｜John 11:45-57』
19640	Matthew	40	26	6	Jesus Anointed at Bethany	『mark｜14｜3｜Mark 14:3-9』『john｜12｜1｜John 12:1-8』
19781	Matthew	40	26	14	Judas Agrees to Betray Jesus	『zechariah｜11｜10｜Zechariah 11:10-17』『matthew｜27｜3｜Matthew 27:3-10』『mark｜14｜10｜Mark 14:10-11』
19828	Matthew	40	26	17	Preparing the Passover	『psalms｜41｜1｜Psalm 41:1-13』『mark｜14｜12｜Mark 14:12-21』『luke｜22｜7｜Luke 22:7-13』『john｜13｜18｜John 13:18-30』
20020	Matthew	40	26	26	The Last Supper	『mark｜14｜22｜Mark 14:22-26』『luke｜22｜14｜Luke 22:14-23』『1_corinthians｜11｜17｜1 Corinthians 11:17-34』
20127	Matthew	40	26	31	Jesus Predicts Peter's Denial	『mark｜14｜27｜Mark 14:27-31』『luke｜22｜31｜Luke 22:31-38』『john｜13｜36｜John 13:36-38』
20234	Matthew	40	26	36	Jesus Prays at Gethsemane	『mark｜14｜32｜Mark 14:32-42』『luke｜22｜39｜Luke 22:39-46』
20473	Matthew	40	26	47	The Betrayal of Jesus	『mark｜14｜43｜Mark 14:43-52』『luke｜22｜47｜Luke 22:47-53』『john｜18｜1｜John 18:1-14』
20702	Matthew	40	26	57	Jesus Faces the Sanhedrin	『isaiah｜53｜1｜Isaiah 53:1-8』『mark｜14｜53｜Mark 14:53-65』『john｜18｜19｜John 18:19-24』『1_peter｜2｜21｜1 Peter 2:21-25』
20946	Matthew	40	26	69	Peter Denies Jesus	『mark｜14｜66｜Mark 14:66-72』『luke｜22｜54｜Luke 22:54-62』『john｜18｜15｜John 18:15-18』
21090	Matthew	40	27	1	Jesus Delivered to Pilate	『mark｜15｜1｜Mark 15:1-5』
21126	Matthew	40	27	3	Judas Hangs Himself	『zechariah｜11｜10｜Zechariah 11:10-17』『matthew｜26｜14｜Matthew 26:14-16』『mark｜14｜10｜Mark 14:10-11』
21276	Matthew	40	27	11	Jesus Before Pilate	『luke｜23｜1｜Luke 23:1-6』『john｜18｜28｜John 18:28-40』
21352	Matthew	40	27	15	The Crowd Chooses Barabbas	『mark｜15｜6｜Mark 15:6-11』『luke｜23｜13｜Luke 23:13-25』
21524	Matthew	40	27	24	Pilate Washes his Hands	『mark｜15｜12｜Mark 15:12-15』
21592	Matthew	40	27	27	The Soldiers Mock Jesus	『isaiah｜50｜4｜Isaiah 50:4-11』『mark｜15｜16｜Mark 15:16-20』『luke｜22｜63｜Luke 22:63-65』『john｜19｜1｜John 19:1-15』
21696	Matthew	40	27	32	The Crucifixion	『psalms｜22｜1｜Psalm 22:1-36』『psalms｜69｜1｜Psalm 69:1-36』『mark｜15｜21｜Mark 15:21-32』『luke｜23｜26｜Luke 23:26-43』『john｜19｜16｜John 19:16-27』
21936	Matthew	40	27	45	The Death of Jesus	『psalms｜22｜1｜Psalm 22:1-31』『mark｜15｜33｜Mark 15:33-41』『luke｜23｜44｜Luke 23:44-49』『john｜19｜28｜John 19:28-30』
22194	Matthew	40	27	57	The Burial of Jesus	『isaiah｜53｜9｜Isaiah 53:9-12』『mark｜15｜42｜Mark 15:42-47』『luke｜23｜50｜Luke 23:50-56』『john｜19｜38｜John 19:38-42』
22291	Matthew	40	27	62	The Guards at the Tomb	
22396	Matthew	40	28	1	The Resurrection	『psalms｜16｜1｜Psalm 16:1-11』『psalms｜49｜1｜Psalm 49:1-20』『mark｜16｜1｜Mark 16:1-8』『luke｜24｜1｜Luke 24:1-12』『john｜20｜1｜John 20:1-9』
22616	Matthew	40	28	11	The Report of the Guards	
22711	Matthew	40	28	16	The Great Commission	『mark｜16｜14｜Mark 16:14-18』
22812	Mark	41	1	1	The Mission of John the Baptist	『isaiah｜40｜1｜Isaiah 40:1-5』『matthew｜3｜1｜Matthew 3:1-12』『luke｜3｜1｜Luke 3:1-20』『john｜1｜19｜John 1:19-28』
22974	Mark	41	1	9	The Baptism of Jesus	『matthew｜3｜13｜Matthew 3:13-17』『luke｜3｜21｜Luke 3:21-22』『john｜1｜29｜John 1:29-34』
23039	Mark	41	1	12	The Temptation of Jesus	『matthew｜4｜1｜Matthew 4:1-11』『luke｜4｜1｜Luke 4:1-13』
23077	Mark	41	1	14	Jesus Preaches in Galilee	『isaiah｜9｜1｜Isaiah 9:1-7』『matthew｜4｜12｜Matthew 4:12-17』『luke｜4｜14｜Luke 4:14-15』
23120	Mark	41	1	16	The First Disciples	『matthew｜4｜18｜Matthew 4:18-22』『matthew｜13｜47｜Matthew 13:47-52』『luke｜5｜1｜Luke 5:1-11』『john｜1｜35｜John 1:35-42』
23222	Mark	41	1	21	Jesus Expels an Unclean Spirit	『luke｜4｜31｜Luke 4:31-37』
23378	Mark	41	1	29	Jesus Heals at Peter's House	『matthew｜8｜14｜Matthew 8:14-17』『luke｜4｜38｜Luke 4:38-41』
23494	Mark	41	1	35	Jesus Prays and Preaches	『luke｜4｜42｜Luke 4:42-44』
23577	Mark	41	1	40	The Leper's Prayer	『leviticus｜14｜1｜Leviticus 14:1-32』『matthew｜8｜1｜Matthew 8:1-4』『luke｜5｜12｜Luke 5:12-16』
23700	Mark	41	2	1	Jesus Heals a Paralytic	『matthew｜9｜1｜Matthew 9:1-8』『luke｜5｜17｜Luke 5:17-26』
23944	Mark	41	2	13	The Calling of Levi	『matthew｜9｜9｜Matthew 9:9-13』『luke｜5｜27｜Luke 5:27-32』
24073	Mark	41	2	18	Questions about Fasting	『matthew｜9｜14｜Matthew 9:14-15』『luke｜5｜33｜Luke 5:33-35』
24161	Mark	41	2	21	The Patches and the Wineskins	『matthew｜9｜16｜Matthew 9:16-17』『luke｜5｜36｜Luke 5:36-39』
24222	Mark	41	2	23	The Lord of the Sabbath	『1_samuel｜21｜1｜1 Samuel 21:1-9』『matthew｜12｜1｜Matthew 12:1-8』『luke｜6｜1｜Luke 6:1-5』
24354	Mark	41	3	1	Jesus Heals on the Sabbath	『matthew｜12｜9｜Matthew 12:9-14』『luke｜6｜6｜Luke 6:6-11』
24473	Mark	41	3	7	Multitudes Follow Jesus	
24600	Mark	41	3	13	The Twelve Apostles	『matthew｜10｜1｜Matthew 10:1-4』『luke｜6｜12｜Luke 6:12-16』
24722	Mark	41	3	20	A House Divided	『matthew｜12｜22｜Matthew 12:22-30』『luke｜11｜14｜Luke 11:14-23』
24880	Mark	41	3	28	The Unpardonable Sin	『matthew｜12｜31｜Matthew 12:31-32』
24935	Mark	41	3	31	Jesus' Mother and Brothers	『matthew｜12｜46｜Matthew 12:46-50』『luke｜8｜19｜Luke 8:19-21』
25040	Mark	41	4	1	The Parable of the Sower	『matthew｜13｜1｜Matthew 13:1-9』『luke｜8｜4｜Luke 8:4-15』
25228	Mark	41	4	10	The Purpose of Jesus' Parables	『matthew｜13｜10｜Matthew 13:10-17』
25293	Mark	41	4	13	The Parable of the Sower Explained	『matthew｜13｜18｜Matthew 13:18-23』
25471	Mark	41	4	21	The Lesson of the Lamp	『luke｜8｜16｜Luke 8:16-18』
25567	Mark	41	4	26	The Seed Growing Secretly	
25643	Mark	41	4	30	The Parable of the Mustard Seed	『matthew｜13｜31｜Matthew 13:31-32』『luke｜13｜18｜Luke 13:18-19』
25745	Mark	41	4	35	Jesus Calms the Storm	『matthew｜8｜23｜Matthew 8:23-27』『luke｜8｜22｜Luke 8:22-25』
25891	Mark	41	5	1	The Demons and the Pigs	『matthew｜8｜28｜Matthew 8:28-34』『luke｜8｜26｜Luke 8:26-39』
26296	Mark	41	5	21	The Healing Touch of Jesus	『matthew｜9｜18｜Matthew 9:18-26』『luke｜8｜40｜Luke 8:40-56』
26762	Mark	41	6	1	The Rejection at Nazareth	『isaiah｜61｜1｜Isaiah 61:1-11』『matthew｜2｜19｜Matthew 2:19-23』『matthew｜13｜53｜Matthew 13:53-58』『luke｜2｜39｜Luke 2:39-40』『luke｜4｜16｜Luke 4:16-30』
26918	Mark	41	6	7	The Ministry of the Twelve	『matthew｜10｜5｜Matthew 10:5-15』『luke｜9｜1｜Luke 9:1-6』
27061	Mark	41	6	14	The Beheading of John	『matthew｜14｜1｜Matthew 14:1-12』『luke｜9｜7｜Luke 9:7-9』
27428	Mark	41	6	30	The Feeding of the Five Thousand	『matthew｜14｜13｜Matthew 14:13-21』『luke｜9｜10｜Luke 9:10-17』『john｜6｜1｜John 6:1-15』
27725	Mark	41	6	45	Jesus Walks on Water	『matthew｜14｜22｜Matthew 14:22-33』『john｜6｜16｜John 6:16-25』
27896	Mark	41	6	53	Jesus Heals at Gennesaret	『matthew｜14｜34｜Matthew 14:34-36』
27984	Mark	41	7	1	Tradition and Worship	『matthew｜15｜1｜Matthew 15:1-9』
28268	Mark	41	7	14	What Defiles a Man	『matthew｜15｜10｜Matthew 15:10-20』
28453	Mark	41	7	24	The Faith of the Gentile Woman	『matthew｜15｜21｜Matthew 15:21-28』
28613	Mark	41	7	31	The Deaf and Mute Man	『isaiah｜35｜1｜Isaiah 35:1-10』『matthew｜9｜32｜Matthew 9:32-34』
28756	Mark	41	8	1	The Feeding of the Four Thousand	『matthew｜15｜29｜Matthew 15:29-39』
28942	Mark	41	8	11	The Demand for a Sign	『matthew｜16｜1｜Matthew 16:1-4』『luke｜12｜54｜Luke 12:54-56』
29001	Mark	41	8	14	The Leaven to Beware	『matthew｜16｜5｜Matthew 16:5-12』
29140	Mark	41	8	22	The Blind Man at Bethsaida	
29246	Mark	41	8	27	Peter's Confession of Christ	『matthew｜16｜13｜Matthew 16:13-20』『luke｜9｜18｜Luke 9:18-20』『john｜6｜66｜John 6:66-71』
29337	Mark	41	8	31	Christ's Passion Foretold	『matthew｜16｜21｜Matthew 16:21-23』『luke｜9｜21｜Luke 9:21-22』
29418	Mark	41	8	34	Take up Your Cross	『matthew｜10｜37｜Matthew 10:37-39』『matthew｜16｜24｜Matthew 16:24-28』『luke｜9｜23｜Luke 9:23-27』
29546	Mark	41	9	1	The Transfiguration	『matthew｜17｜1｜Matthew 17:1-13』『luke｜9｜28｜Luke 9:28-36』『2_peter｜1｜16｜2 Peter 1:16-21』
29834	Mark	41	9	14	The Boy with an Evil Spirit	『matthew｜17｜14｜Matthew 17:14-21』『luke｜9｜37｜Luke 9:37-42』
30168	Mark	41	9	30	The Second Prediction of the Passion	『matthew｜17｜22｜Matthew 17:22-23』『luke｜9｜43｜Luke 9:43-45』
30227	Mark	41	9	33	The Greatest in the Kingdom	『matthew｜18｜1｜Matthew 18:1-6』『luke｜9｜46｜Luke 9:46-50』
30332	Mark	41	9	38	Miracles in Jesus' Name	
30425	Mark	41	9	42	Temptations and Trespasses	『matthew｜18｜7｜Matthew 18:7-9』『luke｜17｜1｜Luke 17:1-4』
30642	Mark	41	10	1	Teachings about Divorce	『matthew｜19｜1｜Matthew 19:1-12』
30843	Mark	41	10	13	Jesus Blesses the Children	『matthew｜19｜13｜Matthew 19:13-15』『luke｜18｜15｜Luke 18:15-17』
30923	Mark	41	10	17	The Rich Young Man	『matthew｜19｜16｜Matthew 19:16-30』『luke｜18｜18｜Luke 18:18-30』
31268	Mark	41	10	32	The Third Prediction of the Passion	『matthew｜20｜17｜Matthew 20:17-19』『luke｜18｜31｜Luke 18:31-34』
31353	Mark	41	10	35	The Request of James and John	『matthew｜20｜20｜Matthew 20:20-28』
31588	Mark	41	10	46	Jesus Heals Bartimaeus	『matthew｜20｜29｜Matthew 20:29-34』『luke｜18｜35｜Luke 18:35-43』
31739	Mark	41	11	1	The Triumphal Entry	『zechariah｜9｜9｜Zechariah 9:9-13』『matthew｜21｜1｜Matthew 21:1-11』『luke｜19｜28｜Luke 19:28-40』『john｜12｜12｜John 12:12-19』
31969	Mark	41	11	12	Jesus Curses the Fig Tree	『matthew｜21｜18｜Matthew 21:18-22』『mark｜11｜20｜Mark 11:20-26』
32036	Mark	41	11	15	Jesus Cleanses the Temple	『matthew｜21｜12｜Matthew 21:12-17』『luke｜19｜45｜Luke 19:45-48』『john｜2｜12｜John 2:12-25』
32153	Mark	41	11	20	The Withered Fig Tree	『matthew｜21｜18｜Matthew 21:18-22』『mark｜11｜12｜Mark 11:12-14』
32299	Mark	41	11	27	Jesus' Authority Challenged	『matthew｜21｜23｜Matthew 21:23-27』『luke｜20｜1｜Luke 20:1-8』
32454	Mark	41	12	1	The Parable of the Wicked Tenants	『matthew｜21｜33｜Matthew 21:33-46』『luke｜20｜9｜Luke 20:9-18』
32684	Mark	41	12	13	Paying Taxes to Caesar	『matthew｜22｜15｜Matthew 22:15-22』『luke｜20｜19｜Luke 20:19-26』
32810	Mark	41	12	18	The Sadducees and the Resurrection	『matthew｜22｜23｜Matthew 22:23-33』『luke｜20｜27｜Luke 20:27-40』
33021	Mark	41	12	28	The Greatest Commandment	『deuteronomy｜6｜1｜Deuteronomy 6:1-19』『matthew｜22｜34｜Matthew 22:34-40』
33202	Mark	41	12	35	Whose Son is the Christ?	『matthew｜22｜41｜Matthew 22:41-46』『luke｜20｜41｜Luke 20:41-44』
33277	Mark	41	12	38	Warning against the Scribes	『luke｜20｜45｜Luke 20:45-47』
33333	Mark	41	12	41	The Widow's Offering	『luke｜21｜1｜Luke 21:1-4』
33424	Mark	41	13	1	Temple Destruction Foretold	『matthew｜24｜1｜Matthew 24:1-4』『luke｜21｜5｜Luke 21:5-9』
33589	Mark	41	13	9	Witnessing to All Nations	『matthew｜24｜9｜Matthew 24:9-14』『luke｜21｜10｜Luke 21:10-19』
33706	Mark	41	13	14	The Abomination of Desolation	『matthew｜24｜15｜Matthew 24:15-25』『luke｜21｜20｜Luke 21:20-24』
33905	Mark	41	13	24	The Return of the Son of Man	『matthew｜24｜26｜Matthew 24:26-31』『luke｜21｜25｜Luke 21:25-28』
33992	Mark	41	13	28	The Lesson of the Fig Tree	『matthew｜24｜32｜Matthew 24:32-35』『luke｜21｜29｜Luke 21:29-33』
34073	Mark	41	13	32	Readiness at Any Hour	『genesis｜6｜1｜Genesis 6:1-7』『matthew｜24｜36｜Matthew 24:36-51』『luke｜12｜35｜Luke 12:35-48』
34184	Mark	41	14	1	The Plot to Kill Jesus	『matthew｜26｜1｜Matthew 26:1-5』『luke｜22｜1｜Luke 22:1-6』『john｜11｜45｜John 11:45-57』
34227	Mark	41	14	3	Jesus Anointed at Bethany	『matthew｜26｜6｜Matthew 26:6-13』『john｜12｜1｜John 12:1-8』
34380	Mark	41	14	10	Judas Agrees to Betray Jesus	『zechariah｜11｜10｜Zechariah 11:10-17』『matthew｜26｜14｜Matthew 26:14-16』『matthew｜27｜3｜Matthew 27:3-10』
34418	Mark	41	14	12	Preparing the Passover	『psalms｜41｜1｜Psalm 41:1-13』『matthew｜26｜17｜Matthew 26:17-25』『luke｜22｜7｜Luke 22:7-13』『john｜13｜18｜John 13:18-30』
34641	Mark	41	14	22	The Last Supper	『matthew｜26｜26｜Matthew 26:26-30』『luke｜22｜14｜Luke 22:14-23』『1_corinthians｜11｜17｜1 Corinthians 11:17-34』
34738	Mark	41	14	27	Jesus Predicts Peter's Denial	『matthew｜26｜31｜Matthew 26:31-35』『luke｜22｜31｜Luke 22:31-38』『john｜13｜36｜John 13:36-38』
34843	Mark	41	14	32	Jesus Prays at Gethsemane	『matthew｜26｜36｜Matthew 26:36-46』『luke｜22｜39｜Luke 22:39-46』
35068	Mark	41	14	43	The Betrayal of Jesus	『matthew｜26｜47｜Matthew 26:47-56』『luke｜22｜47｜Luke 22:47-53』『john｜18｜1｜John 18:1-14』
35249	Mark	41	14	53	Jesus Faces the Sanhedrin	『isaiah｜53｜1｜Isaiah 53:1-8』『matthew｜26｜57｜Matthew 26:57-68』『john｜18｜19｜John 18:19-24』『1_peter｜2｜21｜1 Peter 2:21-25』
35523	Mark	41	14	66	Peter Denies Jesus	『matthew｜26｜69｜Matthew 26:69-75』『luke｜22｜54｜Luke 22:54-62』『john｜18｜15｜John 18:15-18』
35684	Mark	41	15	1	Jesus Delivered to Pilate	『matthew｜27｜1｜Matthew 27:1-2』
35775	Mark	41	15	6	The Crowd Chooses Barabbas	『matthew｜27｜15｜Matthew 27:15-23』『luke｜23｜13｜Luke 23:13-25』
35866	Mark	41	15	12	Pilate Delivers up Jesus	『matthew｜27｜24｜Matthew 27:24-26』
35940	Mark	41	15	16	The Soldiers Mock Jesus	『isaiah｜50｜4｜Isaiah 50:4-11』『matthew｜27｜27｜Matthew 27:27-31』『luke｜22｜63｜Luke 22:63-65』『john｜19｜1｜John 19:1-15』
36030	Mark	41	15	21	The Crucifixion	『psalms｜22｜1｜Psalm 22:1-36』『psalms｜69｜1｜Psalm 69:1-36』『matthew｜27｜32｜Matthew 27:32-44』『luke｜23｜26｜Luke 23:26-43』『john｜19｜16｜John 19:16-27』
36241	Mark	41	15	33	The Death of Jesus	『psalms｜22｜1｜Psalm 22:1-31』『matthew｜27｜45｜Matthew 27:45-56』『luke｜23｜44｜Luke 23:44-49』『john｜19｜28｜John 19:28-30』
36426	Mark	41	15	42	The Burial of Jesus	『isaiah｜53｜9｜Isaiah 53:9-12』『matthew｜27｜57｜Matthew 27:57-61』『luke｜23｜50｜Luke 23:50-56』『john｜19｜38｜John 19:38-42』
36551	Mark	41	16	1	The Resurrection	『psalms｜16｜1｜Psalm 16:1-11』『psalms｜49｜1｜Psalm 49:1-20』『matthew｜28｜1｜Matthew 28:1-10』『luke｜24｜1｜Luke 24:1-12』『john｜20｜1｜John 20:1-9』
36720	Mark	41	16	9	Jesus Appears to Mary Magdalene	『john｜20｜10｜John 20:10-18』
36766	Mark	41	16	12	Jesus Appears to Two Disciples	『luke｜24｜13｜Luke 24:13-24』
36796	Mark	41	16	14	The Great Commission	『matthew｜28｜16｜Matthew 28:16-20』
36898	Mark	41	16	19	The Ascension	『luke｜24｜50｜Luke 24:50-53』『acts｜1｜6｜Acts 1:6-11』
36975	Luke	42	1	1	Dedication to Theophilus	『acts｜1｜1｜Acts 1:1-3』
37033	Luke	42	1	5	Gabriel Foretells John's Birth	『matthew｜11｜7｜Matthew 11:7-19』『luke｜7｜24｜Luke 7:24-35』『luke｜16｜14｜Luke 16:14-17』
37494	Luke	42	1	26	Gabriel Foretells Jesus' Birth	
37759	Luke	42	1	39	Mary Visits Elizabeth	
37900	Luke	42	1	46	Mary's Song	『1_samuel｜2｜1｜1 Samuel 2:1-11』
38063	Luke	42	1	57	The Birth of John the Baptist	
38262	Luke	42	1	67	Zechariah's Song	
38485	Luke	42	2	1	The Birth of Jesus	『isaiah｜7｜10｜Isaiah 7:10-16』『micah｜5｜1｜Micah 5:1-6』『matthew｜1｜18｜Matthew 1:18-25』
38617	Luke	42	2	8	The Shepherds and the Angels	
38876	Luke	42	2	21	Jesus Presented at the Temple	
38968	Luke	42	2	25	The Prophecy of Simeon	
39188	Luke	42	2	36	The Prophecy of Anna	
39259	Luke	42	2	39	The Return to Nazareth	『isaiah｜61｜1｜Isaiah 61:1-11』『matthew｜2｜19｜Matthew 2:19-23』『matthew｜13｜53｜Matthew 13:53-58』『mark｜6｜1｜Mark 6:1-6』『luke｜4｜16｜Luke 4:16-30』
39298	Luke	42	2	41	The Boy Jesus at the Temple	
39543	Luke	42	3	1	The Mission of John the Baptist	『isaiah｜40｜1｜Isaiah 40:1-5』『matthew｜3｜1｜Matthew 3:1-12』『mark｜1｜1｜Mark 1:1-8』『john｜1｜19｜John 1:19-28』
40004	Luke	42	3	21	The Baptism of Jesus	『matthew｜3｜13｜Matthew 3:13-17』『mark｜1｜9｜Mark 1:9-11』『john｜1｜29｜John 1:29-34』
40055	Luke	42	3	23	The Genealogy of Jesus	『ruth｜4｜18｜Ruth 4:18-22』『matthew｜1｜1｜Matthew 1:1-17』
40284	Luke	42	4	1	The Temptation of Jesus	『matthew｜4｜1｜Matthew 4:1-11』『mark｜1｜12｜Mark 1:12-13』
40550	Luke	42	4	14	Jesus Begins His Ministry	『isaiah｜9｜1｜Isaiah 9:1-7』『matthew｜4｜12｜Matthew 4:12-17』『mark｜1｜14｜Mark 1:14-15』
40589	Luke	42	4	16	The Rejection at Nazareth	『isaiah｜61｜1｜Isaiah 61:1-11』『matthew｜2｜19｜Matthew 2:19-23』『matthew｜13｜53｜Matthew 13:53-58』『mark｜6｜1｜Mark 6:1-6』『luke｜2｜39｜Luke 2:39-40』
40925	Luke	42	4	31	Jesus Expels an Unclean Spirit	『mark｜1｜21｜Mark 1:21-28』
41072	Luke	42	4	38	Jesus Heals at Peter's House	『matthew｜8｜14｜Matthew 8:14-17』『mark｜1｜29｜Mark 1:29-34』
41178	Luke	42	4	42	Jesus Preaches in Judea	『mark｜1｜35｜Mark 1:35-39』
41244	Luke	42	5	1	The First Disciples	『matthew｜4｜18｜Matthew 4:18-22』『matthew｜13｜47｜Matthew 13:47-52』『mark｜1｜16｜Mark 1:16-20』『john｜1｜35｜John 1:35-42』
41495	Luke	42	5	12	The Leper's Prayer	『leviticus｜14｜1｜Leviticus 14:1-32』『matthew｜8｜1｜Matthew 8:1-4』『mark｜1｜40｜Mark 1:40-45』
41613	Luke	42	5	17	Jesus Heals a Paralytic	『matthew｜9｜1｜Matthew 9:1-8』『mark｜2｜1｜Mark 2:1-12』
41866	Luke	42	5	27	The Calling of Levi	『matthew｜9｜9｜Matthew 9:9-13』『mark｜2｜13｜Mark 2:13-17』
41984	Luke	42	5	33	Questions about Fasting	『matthew｜9｜14｜Matthew 9:14-15』『mark｜2｜18｜Mark 2:18-20』
42057	Luke	42	5	36	The Patches and the Wineskins	『matthew｜9｜16｜Matthew 9:16-17』『mark｜2｜21｜Mark 2:21-22』
42152	Luke	42	6	1	The Lord of the Sabbath	『1_samuel｜21｜1｜1 Samuel 21:1-9』『matthew｜12｜1｜Matthew 12:1-8』『mark｜2｜23｜Mark 2:23-28』
42264	Luke	42	6	6	Jesus Heals on the Sabbath	『matthew｜12｜9｜Matthew 12:9-14』『mark｜3｜1｜Mark 3:1-6』
42403	Luke	42	6	12	The Twelve Apostles	『matthew｜10｜1｜Matthew 10:1-4』『mark｜3｜13｜Mark 3:13-19』
42499	Luke	42	6	17	Jesus Ministers to a Great Crowd	『matthew｜4｜23｜Matthew 4:23-25』
42573	Luke	42	6	20	The Beatitudes	『psalms｜1｜1｜Psalm 1:1-6』『matthew｜5｜3｜Matthew 5:3-12』
42673	Luke	42	6	24	Woes	『amos｜6｜1｜Amos 6:1-7』
42728	Luke	42	6	27	Love Your Enemies	『leviticus｜24｜17｜Leviticus 24:17-23』『matthew｜5｜38｜Matthew 5:38-48』
42929	Luke	42	6	37	Do Not Judge	『matthew｜7｜1｜Matthew 7:1-6』『romans｜14｜1｜Romans 14:1-12』
43088	Luke	42	6	43	A Tree and its Fruit	『matthew｜7｜15｜Matthew 7:15-23』『matthew｜12｜33｜Matthew 12:33-37』
43164	Luke	42	6	46	The House on the Rock	『matthew｜7｜24｜Matthew 7:24-27』
43274	Luke	42	7	1	The Faith of the Centurion	『matthew｜8｜5｜Matthew 8:5-13』『john｜4｜43｜John 4:43-54』
43500	Luke	42	7	11	Jesus Raises a Widow's Son	
43654	Luke	42	7	18	John's Inquiry	『matthew｜11｜1｜Matthew 11:1-6』
43781	Luke	42	7	24	Jesus Testifies about John	『matthew｜11｜7｜Matthew 11:7-19』『luke｜1｜5｜Luke 1:5-25』『luke｜16｜14｜Luke 16:14-17』
44031	Luke	42	7	36	A Sinful Woman Anoints Jesus	
44365	Luke	42	8	1	Women Minister to Jesus	
44439	Luke	42	8	4	The Parable of the Sower	『matthew｜13｜1｜Matthew 13:1-9』『mark｜4｜1｜Mark 4:1-9』
44722	Luke	42	8	16	The Lesson of the Lamp	『mark｜4｜21｜Mark 4:21-25』
44795	Luke	42	8	19	Jesus' Mother and Brothers	『matthew｜12｜46｜Matthew 12:46-50』『mark｜3｜31｜Mark 3:31-35』
44861	Luke	42	8	22	Jesus Calms the Storm	『matthew｜8｜23｜Matthew 8:23-27』『mark｜4｜35｜Mark 4:35-41』
44971	Luke	42	8	26	The Demons and the Pigs	『matthew｜8｜28｜Matthew 8:28-34』『mark｜5｜1｜Mark 5:1-20』
45320	Luke	42	8	40	The Healing Touch of Jesus	『matthew｜9｜18｜Matthew 9:18-26』『mark｜5｜21｜Mark 5:21-43』
45681	Luke	42	9	1	The Ministry of the Twelve	『matthew｜10｜5｜Matthew 10:5-15』『mark｜6｜7｜Mark 6:7-13』
45798	Luke	42	9	7	Herod Desires to See Jesus	『matthew｜14｜1｜Matthew 14:1-12』『mark｜6｜14｜Mark 6:14-29』
45863	Luke	42	9	10	The Feeding of the Five Thousand	『matthew｜14｜13｜Matthew 14:13-21』『mark｜6｜30｜Mark 6:30-44』『john｜6｜1｜John 6:1-15』
46059	Luke	42	9	18	Peter's Confession of Christ	『matthew｜16｜13｜Matthew 16:13-20』『mark｜8｜27｜Mark 8:27-30』『john｜6｜66｜John 6:66-71』
46129	Luke	42	9	21	Christ's Passion Foretold	『matthew｜16｜21｜Matthew 16:21-23』『mark｜8｜31｜Mark 8:31-33』
46170	Luke	42	9	23	Take Up Your Cross	『matthew｜10｜37｜Matthew 10:37-39』『matthew｜16｜24｜Matthew 16:24-28』『mark｜8｜34｜Mark 8:34-38』
46296	Luke	42	9	28	The Transfiguration	『matthew｜17｜1｜Matthew 17:1-13』『mark｜9｜1｜Mark 9:1-13』『2_peter｜1｜16｜2 Peter 1:16-21』
46510	Luke	42	9	37	The Boy with an Evil Spirit	『matthew｜17｜14｜Matthew 17:14-21』『mark｜9｜14｜Mark 9:14-29』『luke｜17｜5｜Luke 17:5-10』
46650	Luke	42	9	43	The Second Prediction of the Passion	『luke｜18｜31｜Luke 18:31-34』『mark｜9｜30｜Mark 9:30-32』
46724	Luke	42	9	46	The Greatest in the Kingdom	『matthew｜18｜1｜Matthew 18:1-6』『mark｜9｜33｜Mark 9:33-37』
46843	Luke	42	9	51	The Samaritans Reject Jesus	
46961	Luke	42	9	57	The Cost of Discipleship	『matthew｜8｜18｜Matthew 8:18-22』『luke｜14｜25｜Luke 14:25-33』『john｜6｜60｜John 6:60-65』
47102	Luke	42	10	1	Jesus Sends Out the Disciples	
47363	Luke	42	10	13	Woe to the Unrepentant	『matthew｜11｜20｜Matthew 11:20-24』
47447	Luke	42	10	17	The Joyful Return	
47537	Luke	42	10	21	Jesus' Prayer of Thanksgiving	『matthew｜11｜25｜Matthew 11:25-30』
47666	Luke	42	10	25	The Parable of the Good Samaritan	
47948	Luke	42	10	38	Martha and Mary	
48063	Luke	42	11	1	The Lord's Prayer	『matthew｜6｜5｜Matthew 6:5-15』
48175	Luke	42	11	5	Ask, Seek, Knock	『matthew｜7｜7｜Matthew 7:7-12』
48372	Luke	42	11	14	A House Divided	『matthew｜12｜22｜Matthew 12:22-30』『mark｜3｜20｜Mark 3:20-27』
48580	Luke	42	11	24	An Unclean Spirit Returns	『matthew｜12｜43｜Matthew 12:43-45』
48648	Luke	42	11	27	True Blessedness	
48695	Luke	42	11	29	The Sign of Jonah	『matthew｜12｜38｜Matthew 12:38-42』
48808	Luke	42	11	33	The Lamp of the Body	『matthew｜6｜22｜Matthew 6:22-24』
48907	Luke	42	11	37	Woes to Religious Leaders	『matthew｜23｜1｜Matthew 23:1-36』
49285	Luke	42	12	1	The Leaven of the Pharisees	
49360	Luke	42	12	4	Fear God Alone	『matthew｜10｜26｜Matthew 10:26-31』
49448	Luke	42	12	8	Confessing Christ	『matthew｜10｜32｜Matthew 10:32-33』
49562	Luke	42	12	13	The Parable of the Rich Fool	
49746	Luke	42	12	22	Do Not Worry	『matthew｜6｜25｜Matthew 6:25-34』
50010	Luke	42	12	35	Be Ready for Service	『genesis｜6｜1｜Genesis 6:1-7』『matthew｜24｜36｜Matthew 24:36-51』『mark｜13｜32｜Mark 13:32-37』
50338	Luke	42	12	49	Not Peace, But Division	『matthew｜10｜34｜Matthew 10:34-36』
50438	Luke	42	12	54	Interpreting the Present Time	『matthew｜16｜1｜Matthew 16:1-4』『mark｜8｜11｜Mark 8:11-13』
50498	Luke	42	12	57	Reconcile with an Adversary	『matthew｜5｜21｜Matthew 5:21-26』
50569	Luke	42	13	1	A Call to Repentance	『joel｜1｜13｜Joel 1:13-20』『amos｜5｜4｜Amos 5:4-15』『zephaniah｜2｜1｜Zephaniah 2:1-3』
50676	Luke	42	13	6	The Parable of the Barren Fig Tree	『isaiah｜5｜1｜Isaiah 5:1-7』
50775	Luke	42	13	10	Jesus Heals a Woman on the Sabbath	
50968	Luke	42	13	18	The Parable of the Mustard Seed	『matthew｜13｜31｜Matthew 13:31-32』『mark｜4｜30｜Mark 4:30-34』
51016	Luke	42	13	20	The Parable of the Leaven	『judges｜20｜18｜Judges 20:18-23』『2_samuel｜2｜12｜2 Samuel 2:12-32』『2_chronicles｜13｜4｜2 Chronicles 13:4-19』『matthew｜13｜33｜Matthew 13:33』
51048	Luke	42	13	22	The Narrow Door	『matthew｜7｜13｜Matthew 7:13-14』
51245	Luke	42	13	31	Lament over Jerusalem	『matthew｜23｜37｜Matthew 23:37-39』
51374	Luke	42	14	1	Jesus Heals a Man with Dropsy	
51480	Luke	42	14	7	The Parable of the Guests	
51668	Luke	42	14	15	The Parable of the Banquet	『matthew｜22｜1｜Matthew 22:1-14』
51888	Luke	42	14	25	The Cost of Discipleship	『matthew｜8｜18｜Matthew 8:18-22』『luke｜9｜57｜Luke 9:57-62』『john｜6｜60｜John 6:60-65』
52087	Luke	42	14	34	Good Salt	
52124	Luke	42	15	1	The Parable of the Lost Sheep	『matthew｜18｜10｜Matthew 18:10-14』
52269	Luke	42	15	8	The Parable of the Lost Coin	
52334	Luke	42	15	11	The Parable of the Prodigal Son	『deuteronomy｜21｜18｜Deuteronomy 21:18-21』
52823	Luke	42	16	1	The Parable of the Shrewd Manager	
53137	Luke	42	16	14	The Law and the Prophets	『matthew｜11｜7｜Matthew 11:7-19』『luke｜1｜5｜Luke 1:5-25』『luke｜7｜24｜Luke 7:24-35』
53246	Luke	42	16	19	The Rich Man and Lazarus	『john｜5｜39｜John 5:39-47』
53542	Luke	42	17	1	Temptations and Trespasses	『matthew｜18｜7｜Matthew 18:7-9』『mark｜9｜42｜Mark 9:42-50』
53629	Luke	42	17	5	The Power of Faith	『matthew｜17｜14｜Matthew 17:14-21』『mark｜9｜14｜Mark 9:14-29』
53755	Luke	42	17	11	The Ten Lepers	『2_kings｜5｜1｜2 Kings 5:1-14』
53908	Luke	42	17	20	The Coming of the Kingdom	
54272	Luke	42	18	1	The Persistent Widow	
54442	Luke	42	18	9	The Pharisee and Tax Collector	
54583	Luke	42	18	15	Jesus Blesses the Children	『matthew｜19｜13｜Matthew 19:13-15』『mark｜10｜13｜Mark 10:13-16』
54652	Luke	42	18	18	The Rich Young Ruler	『matthew｜19｜16｜Matthew 19:16-30』『mark｜10｜17｜Mark 10:17-31』
54907	Luke	42	18	31	The Third Prediction of the Passion	『matthew｜20｜17｜Matthew 20:17-19』『luke｜9｜43｜Luke 9:43-45』
54984	Luke	42	18	35	Jesus Heals a Blind Beggar	『matthew｜20｜29｜Matthew 20:29-34』『mark｜10｜46｜Mark 10:46-52』
55128	Luke	42	19	1	Jesus and Zacchaeus	『numbers｜5｜5｜Numbers 5:5-10』
55315	Luke	42	19	11	The Parable of the Ten Minas	『matthew｜25｜14｜Matthew 25:14-30』
55663	Luke	42	19	28	The Triumphal Entry	『zechariah｜9｜9｜Zechariah 9:9-13』『matthew｜21｜1｜Matthew 21:1-11』『mark｜11｜1｜Mark 11:1-11』『john｜12｜12｜John 12:12-19』
55909	Luke	42	19	41	Jesus Weeps over Jerusalem	『isaiah｜29｜1｜Isaiah 29:1-16』
55998	Luke	42	19	45	Jesus Cleanses the Temple	『matthew｜21｜12｜Matthew 21:12-17』『mark｜11｜15｜Mark 11:15-19』『john｜2｜12｜John 2:12-25』
56075	Luke	42	20	1	Jesus' Authority Challenged	『matthew｜21｜23｜Matthew 21:23-27』『mark｜11｜27｜Mark 11:27-33』
56225	Luke	42	20	9	The Parable of the Wicked Tenants	『matthew｜21｜33｜Matthew 21:33-46』『mark｜12｜1｜Mark 12:1-12』
56435	Luke	42	20	19	Paying Taxes to Caesar	『matthew｜22｜15｜Matthew 22:15-22』『mark｜12｜13｜Mark 12:13-17』
56600	Luke	42	20	27	The Sadducees and the Resurrection	『matthew｜22｜23｜Matthew 22:23-33』『mark｜12｜18｜Mark 12:18-27』
56847	Luke	42	20	41	Whose Son is the Christ?	『matthew｜22｜41｜Matthew 22:41-46』『mark｜12｜35｜Mark 12:35-37』
56910	Luke	42	20	45	Beware of the Scribes	『mark｜12｜38｜Mark 12:38-40』
56970	Luke	42	21	1	The Poor Widow's Offering	『mark｜12｜41｜Mark 12:41-44』
57044	Luke	42	21	5	Temple Destruction Foretold	『matthew｜24｜1｜Matthew 24:1-4』『mark｜13｜1｜Mark 13:1-9』
57152	Luke	42	21	10	Witnessing to All Nations	『matthew｜24｜9｜Matthew 24:9-14』『mark｜13｜10｜Mark 13:10-13』
57319	Luke	42	21	20	The Destruction of Jerusalem	『matthew｜24｜15｜Matthew 24:15-25』『mark｜13｜14｜Mark 13:14-23』
57434	Luke	42	21	25	The Return of the Son of Man	『matthew｜24｜26｜Matthew 24:26-31』『mark｜13｜24｜Mark 13:24-27』
57517	Luke	42	21	29	The Lesson of the Fig Tree	『matthew｜24｜32｜Matthew 24:32-35』『mark｜13｜28｜Mark 13:28-31』
57603	Luke	42	21	34	Be Watchful for the Day	
57712	Luke	42	22	1	The Plot to Kill Jesus	『matthew｜26｜1｜Matthew 26:1-5』『mark｜14｜1｜Mark 14:1-2』『john｜11｜45｜John 11:45-57』
57804	Luke	42	22	7	Preparing the Passover	『psalms｜41｜1｜Psalm 41:1-13』『matthew｜26｜17｜Matthew 26:17-25』『mark｜14｜12｜Mark 14:12-21』『john｜13｜18｜John 13:18-30』
57928	Luke	42	22	14	The Last Supper	『matthew｜26｜26｜Matthew 26:26-30』『mark｜14｜22｜Mark 14:22-26』『1_corinthians｜11｜17｜1 Corinthians 11:17-34』
58137	Luke	42	22	24	Who is the Greatest?	
58275	Luke	42	22	31	Jesus Predicts Peter's Denial	『matthew｜26｜31｜Matthew 26:31-35』『mark｜14｜27｜Mark 14:27-31』『john｜13｜36｜John 13:36-38』
58449	Luke	42	22	39	Jesus Prays on the Mount of Olives	『matthew｜26｜36｜Matthew 26:36-46』『mark｜14｜32｜Mark 14:32-42』
58596	Luke	42	22	47	The Betrayal of Jesus	『matthew｜26｜47｜Matthew 26:47-56』『mark｜14｜43｜Mark 14:43-52』『john｜18｜1｜John 18:1-14』
58748	Luke	42	22	54	Peter Denies Jesus	『matthew｜26｜69｜Matthew 26:69-75』『mark｜14｜66｜Mark 14:66-72』『john｜18｜15｜John 18:15-18』
58926	Luke	42	22	63	The Soldiers Mock Jesus	『isaiah｜50｜4｜Isaiah 50:4-11』『matthew｜27｜27｜Matthew 27:27-31』『mark｜15｜16｜Mark 15:16-20』『john｜19｜1｜John 19:1-15』
58970	Luke	42	22	66	Jesus Faces the Council	
59088	Luke	42	23	1	Jesus Before Pilate	『matthew｜27｜11｜Matthew 27:11-14』『john｜18｜28｜John 18:28-40』
59197	Luke	42	23	6	Jesus Before Herod	
59346	Luke	42	23	13	The Crowd Chooses Barabbas	『matthew｜27｜15｜Matthew 27:15-23』『mark｜15｜6｜Mark 15:6-11』
59572	Luke	42	23	26	The Crucifixion	『psalms｜22｜1｜Psalm 22:1-36』『psalms｜69｜1｜Psalm 69:1-36』『matthew｜27｜32｜Matthew 27:32-44』『mark｜15｜21｜Mark 15:21-32』『john｜19｜16｜John 19:16-27』
59932	Luke	42	23	44	The Death of Jesus	『psalms｜22｜1｜Psalm 22:1-31』『matthew｜27｜45｜Matthew 27:45-56』『mark｜15｜33｜Mark 15:33-41』『john｜19｜28｜John 19:28-30』
60051	Luke	42	23	50	The Burial of Jesus	『isaiah｜53｜9｜Isaiah 53:9-12』『matthew｜27｜57｜Matthew 27:57-61』『mark｜15｜42｜Mark 15:42-47』『john｜19｜38｜John 19:38-42』
60179	Luke	42	24	1	The Resurrection	『psalms｜16｜1｜Psalm 16:1-11』『psalms｜49｜1｜Psalm 49:1-20』『matthew｜28｜1｜Matthew 28:1-10』『mark｜16｜1｜Mark 16:1-8』『john｜20｜1｜John 20:1-9』
60403	Luke	42	24	13	The Road to Emmaus	『mark｜16｜12｜Mark 16:12-13』
60664	Luke	42	24	25	Jesus Opens the Scriptures	
60886	Luke	42	24	36	Jesus Appears to the Disciples	『john｜20｜19｜John 20:19-23』『1_john｜1｜1｜1 John 1:1-4』
61019	Luke	42	24	44	Jesus Unveils the Scriptures	
61145	Luke	42	24	50	The Ascension	『mark｜16｜19｜Mark 16:19-20』『acts｜1｜6｜Acts 1:6-11』
61210	John	43	1	1	The Beginning	『genesis｜1｜1｜Genesis 1:1-2』
61291	John	43	1	6	The Witness of John	『malachi｜3｜1｜Malachi 3:1-5』
61427	John	43	1	14	The Word Became Flesh	『psalms｜84｜1｜Psalm 84:1-12』
61534	John	43	1	19	The Mission of John the Baptist	『isaiah｜40｜1｜Isaiah 40:1-5』『matthew｜3｜1｜Matthew 3:1-12』『mark｜1｜1｜Mark 1:1-8』『luke｜3｜1｜Luke 3:1-20』
61731	John	43	1	29	Jesus the Lamb of God	『matthew｜3｜13｜Matthew 3:13-17』『mark｜1｜9｜Mark 1:9-11』『luke｜3｜21｜Luke 3:21-22』
61870	John	43	1	35	The First Disciples	『matthew｜4｜18｜Matthew 4:18-22』『matthew｜13｜47｜Matthew 13:47-52』『mark｜1｜16｜Mark 1:16-20』『luke｜5｜1｜Luke 5:1-11』
62038	John	43	1	43	Jesus Calls Philip and Nathanael	
62243	John	43	2	1	The Wedding at Cana	
62472	John	43	2	12	Jesus Cleanses the Temple	『matthew｜21｜12｜Matthew 21:12-17』『mark｜11｜15｜Mark 11:15-19』『luke｜19｜45｜Luke 19:45-48』
62774	John	43	3	1	Jesus and Nicodemus	
63099	John	43	3	16	For God So Loved	『genesis｜22｜1｜Genesis 22:1-10』『romans｜5｜6｜Romans 5:6-11』
63259	John	43	3	22	John's Testimony about Jesus	
63582	John	43	4	1	Jesus and the Samaritan Woman	
64135	John	43	4	27	The Disciples Return and Marvel	
64375	John	43	4	39	Many Samaritans Believe	
64463	John	43	4	43	Jesus Heals the Official's Son	『matthew｜8｜5｜Matthew 8:5-13』『luke｜7｜1｜Luke 7:1-10』
64735	John	43	5	1	The Pool of Bethesda	
65051	John	43	5	16	The Father and the Son	
65419	John	43	5	31	Testimonies about Jesus	
65586	John	43	5	39	The Witness of Scripture	『luke｜16｜19｜Luke 16:19-31』
65748	John	43	6	1	The Feeding of the Five Thousand	『matthew｜14｜13｜Matthew 14:13-21』『mark｜6｜30｜Mark 6:30-44』『luke｜9｜10｜Luke 9:10-17』
66044	John	43	6	16	Jesus Walks on Water	『matthew｜14｜22｜Matthew 14:22-33』『mark｜6｜45｜Mark 6:45-52』
66155	John	43	6	22	Jesus the Bread of Life	
67019	John	43	6	59	Many Disciples Turn Back	『matthew｜8｜18｜Matthew 8:18-22』『luke｜9｜57｜Luke 9:57-62』『luke｜14｜25｜Luke 14:25-33』
67167	John	43	6	66	Peter's Confession of Faith	『matthew｜16｜13｜Matthew 16:13-20』『mark｜8｜27｜Mark 8:27-30』『luke｜9｜18｜Luke 9:18-20』
67273	John	43	7	1	Jesus Teaches at the Feast	
67760	John	43	7	25	Is Jesus the Christ?	
68030	John	43	7	37	Living Water	
68102	John	43	7	40	Division Regarding Jesus	
68196	John	43	7	45	Unbelief of the Jewish Leaders	
68353	John	43	8	1	The Woman Caught in Adultery	
68584	John	43	8	12	Jesus the Light of the World	『1_john｜1｜5｜1 John 1:5-10』
69015	John	43	8	30	The Truth will Set You Free	『2_john｜1｜4｜2 John 1:4-6』
69140	John	43	8	37	The Children of the Devil	
69420	John	43	8	48	Before Abraham was Born, I Am	
69690	John	43	9	1	Jesus Heals the Man Born Blind	
69929	John	43	9	13	The Pharisees Investigate the Healing	
70408	John	43	9	35	Spiritual Blindness	
70546	John	43	10	1	Jesus the Good Shepherd	『psalms｜23｜1｜Psalm 23:1-6』『ezekiel｜34｜11｜Ezekiel 34:11-24』
70998	John	43	10	22	The Unbelief of the Jews	
71353	John	43	10	40	John's Testimony Confirmed	
71411	John	43	11	1	The Death of Lazarus	
71723	John	43	11	17	Jesus Comforts Martha and Mary	
72137	John	43	11	38	Jesus Raises Lazarus	『acts｜20｜7｜Acts 20:7-12』
72291	John	43	11	45	The Plot to Kill Jesus	『matthew｜26｜1｜Matthew 26:1-5』『mark｜14｜1｜Mark 14:1-2』『luke｜22｜1｜Luke 22:1-6』
72584	John	43	12	1	Mary Anoints Jesus	『matthew｜26｜6｜Matthew 26:6-13』『mark｜14｜3｜Mark 14:3-9』
72759	John	43	12	9	The Plot to Kill Lazarus	
72820	John	43	12	12	The Triumphal Entry	『zechariah｜9｜9｜Zechariah 9:9-13』『matthew｜21｜1｜Matthew 21:1-11』『mark｜11｜1｜Mark 11:1-11』『luke｜19｜28｜Luke 19:28-40』
72992	John	43	12	20	Jesus Predicts His Death	
73379	John	43	12	37	Belief and Unbelief	
73676	John	43	13	1	Jesus Washes His Disciples' Feet	
74044	John	43	13	18	Jesus Predicts His Betrayal	『psalms｜41｜1｜Psalm 41:1-13』『matthew｜26｜17｜Matthew 26:17-25』『mark｜14｜12｜Mark 14:12-21』『luke｜22｜7｜Luke 22:7-13』
74318	John	43	13	31	Love One Another	『romans｜12｜9｜Romans 12:9-13』『1_john｜3｜11｜1 John 3:11-24』
74425	John	43	13	36	Jesus Predicts Peter's Denial	『matthew｜26｜31｜Matthew 26:31-35』『mark｜14｜27｜Mark 14:27-31』『luke｜22｜31｜Luke 22:31-38』
74496	John	43	14	1	In My Father's House are Many Rooms	
74573	John	43	14	5	The Way, the Truth, and the Life	
74808	John	43	14	15	Jesus Promises the Holy Spirit	『joel｜2｜28｜Joel 2:28-32』『john｜16｜5｜John 16:5-16』『acts｜2｜1｜Acts 2:1-13』『acts｜10｜44｜Acts 10:44-48』『acts｜19｜1｜Acts 19:1-7』
75082	John	43	14	27	Peace I Leave with You	『romans｜5｜1｜Romans 5:1-5』
75199	John	43	15	1	Jesus the True Vine	
75383	John	43	15	9	No Greater Love	
75578	John	43	15	18	The Hatred of the World	
75806	John	43	16	1	Persecution Foretold	『acts｜23｜12｜Acts 23:12-22』
75881	John	43	16	5	The Promise of the Holy Spirit	『joel｜2｜28｜Joel 2:28-32』『john｜14｜15｜John 14:15-26』『acts｜2｜1｜Acts 2:1-13』『acts｜10｜44｜Acts 10:44-48』『acts｜19｜1｜Acts 19:1-7』
76111	John	43	16	17	Grief to Joy	
76282	John	43	16	23	Ask and You will Receive	
76525	John	43	17	1	Prayer for the Son	
76636	John	43	17	6	Prayer for the Disciples	
76949	John	43	17	20	Prayer for all Believers	
77127	John	43	18	1	The Betrayal of Jesus	『matthew｜26｜47｜Matthew 26:47-56』『mark｜14｜43｜Mark 14:43-52』『luke｜22｜47｜Luke 22:47-53』
77431	John	43	18	15	Peter's First Denial	『matthew｜26｜69｜Matthew 26:69-71』『mark｜14｜66｜Mark 14:66-67』『luke｜22｜54｜Luke 22:54-57』
77545	John	43	18	19	Jesus Before the High Priest	『isaiah｜53｜1｜Isaiah 53:1-8』『matthew｜26｜57｜Matthew 26:57-68』『mark｜14｜53｜Mark 14:53-65』『1_peter｜2｜21｜1 Peter 2:21-25』
77669	John	43	18	25	Peter's Second and Third Denials	『matthew｜26｜71｜Matthew 26:71-75』『mark｜14｜68｜Mark 14:68-72』『luke｜22｜58｜Luke 22:58-62』
77736	John	43	18	28	Jesus Before Pilate	『matthew｜27｜11｜Matthew 27:11-14』『luke｜23｜1｜Luke 23:1-6』
78077	John	43	19	1	The Soldiers Mock Jesus	『isaiah｜50｜4｜Isaiah 50:4-11』『matthew｜27｜27｜Matthew 27:27-31』『mark｜15｜16｜Mark 15:16-20』『luke｜22｜63｜Luke 22:63-65』
78430	John	43	19	16	The Crucifixion	『psalms｜22｜1｜Psalm 22:1-36』『psalms｜69｜1｜Psalm 69:1-36』『matthew｜27｜32｜Matthew 27:32-44』『mark｜15｜21｜Mark 15:21-32』『luke｜23｜26｜Luke 23:26-43』
78725	John	43	19	28	The Death of Jesus	『psalms｜22｜1｜Psalm 22:1-31』『matthew｜27｜45｜Matthew 27:45-56』『mark｜15｜33｜Mark 15:33-41』『luke｜23｜44｜Luke 23:44-49』
78783	John	43	19	31	Jesus' Side is Pierced	『zechariah｜12｜10｜Zechariah 12:10-14』
78933	John	43	19	38	The Burial of Jesus	『isaiah｜53｜9｜Isaiah 53:9-12』『matthew｜27｜57｜Matthew 27:57-61』『mark｜15｜42｜Mark 15:42-47』『luke｜23｜50｜Luke 23:50-56』
79064	John	43	20	1	The Resurrection	『psalms｜16｜1｜Psalm 16:1-11』『psalms｜49｜1｜Psalm 49:1-20』『matthew｜28｜1｜Matthew 28:1-10』『mark｜16｜1｜Mark 16:1-8』『luke｜24｜1｜Luke 24:1-12』
79261	John	43	20	10	Jesus Appears to Mary Magdalene	『mark｜16｜9｜Mark 16:9-11』
79470	John	43	20	19	Jesus Appears to the Disciples	『luke｜24｜36｜Luke 24:36-43』『1_john｜1｜1｜1 John 1:1-4』
79580	John	43	20	24	Jesus Appears to Thomas	
79752	John	43	20	30	The Purpose of John's Book	
79804	John	43	21	1	Jesus Appears by the Sea of Tiberias	
80140	John	43	21	15	Jesus Reinstates Peter	
80296	John	43	21	20	Jesus and the Beloved Apostle	
80453	Acts	44	1	1	Prologue	『luke｜1｜1｜Luke 1:1-4』
80560	Acts	44	1	6	The Ascension	『mark｜16｜19｜Mark 16:19-20』『luke｜24｜50｜Luke 24:50-53』
80712	Acts	44	1	12	Matthias Replaces Judas	
81063	Acts	44	2	1	The Holy Spirit at Pentecost	『joel｜2｜28｜Joel 2:28-32』『john｜14｜15｜John 14:15-26』『john｜16｜5｜John 16:5-16』『acts｜10｜44｜Acts 10:44-48』『acts｜19｜1｜Acts 19:1-7』
81309	Acts	44	2	14	Peter Preaches to the Crowd	
81845	Acts	44	2	37	Three Thousand Believe	
81964	Acts	44	2	42	The Fellowship of Believers	『acts｜4｜32｜Acts 4:32-37』
82088	Acts	44	3	1	A Lame Man Walks	
82306	Acts	44	3	11	Peter Speaks in Solomon's Colonnade	
82695	Acts	44	4	1	Peter and John Before the Council	
82958	Acts	44	4	13	The Name Forbidden	
83171	Acts	44	4	23	The Believers' Prayer	『psalms｜2｜1｜Psalm 2:1-12』
83396	Acts	44	4	32	Sharing among Believers	『acts｜2｜42｜Acts 2:42-47』
83531	Acts	44	5	1	Ananias and Sapphira	
83781	Acts	44	5	12	The Apostles Heal Many	
83888	Acts	44	5	17	The Apostles Arrested and Freed	
84044	Acts	44	5	24	The Apostles Before the Council	
84246	Acts	44	5	33	Gamaliel's Advice	
84472	Acts	44	6	1	The Choosing of the Seven	『1_timothy｜3｜8｜1 Timothy 3:8-13』
84638	Acts	44	6	8	The Arrest of Stephen	
84811	Acts	44	7	1	Stephen's Address to the Sanhedrin	
86034	Acts	44	7	54	The Stoning of Stephen	
86174	Acts	44	8	1	Saul Persecutes the Church	
86249	Acts	44	8	4	Philip in Samaria	
86333	Acts	44	8	9	Simon the Sorcerer	『deuteronomy｜18｜9｜Deuteronomy 18:9-14』
86690	Acts	44	8	26	Philip and the Ethiopian	
87052	Acts	44	9	1	The Road to Damascus	『acts｜22｜1｜Acts 22:1-21』『acts｜26｜1｜Acts 26:1-23』
87247	Acts	44	9	10	Ananias Baptizes Saul	
87484	Acts	44	9	20	Saul Preaches at Damascus	
87560	Acts	44	9	23	The Escape from Damascus	『1_samuel｜19｜11｜1 Samuel 19:11-24』
87615	Acts	44	9	26	Saul in Jerusalem	
87756	Acts	44	9	32	The Healing of Aeneas	
87834	Acts	44	9	36	The Raising of Dorcas	
88027	Acts	44	10	1	Cornelius Sends for Peter	
88198	Acts	44	10	9	Peter's Vision	『leviticus｜11｜1｜Leviticus 11:1-47』『deuteronomy｜14｜1｜Deuteronomy 14:1-21』
88343	Acts	44	10	17	Peter Called to Caesarea	
88520	Acts	44	10	24	Peter Visits Cornelius	
88740	Acts	44	10	34	Good News for Gentiles	
88967	Acts	44	10	44	The Gentiles Receive the Holy Spirit	『joel｜2｜28｜Joel 2:28-32』『john｜14｜15｜John 14:15-26』『john｜16｜5｜John 16:5-16』『acts｜2｜1｜Acts 2:1-13』『acts｜19｜1｜Acts 19:1-7』
89073	Acts	44	11	1	Peter's Report at Jerusalem	
89456	Acts	44	11	19	The Church at Antioch	
89722	Acts	44	12	1	James Killed, Peter Imprisoned	
89799	Acts	44	12	5	The Rescue of Peter	
90194	Acts	44	12	20	The Death of Herod	
90315	Acts	44	13	1	Paul's First Missionary Journey	『acts｜15｜36｜Acts 15:36-41』『acts｜18｜23｜Acts 18:23-28』
90393	Acts	44	13	4	On Cyprus	
90593	Acts	44	13	13	In Pisidian Antioch	
91212	Acts	44	13	42	The Gentiles Ask to Hear the Gospel	
91456	Acts	44	14	1	Paul and Barnabas at Iconium	
91600	Acts	44	14	8	The Visit to Lystra and Derbe	
91893	Acts	44	14	21	The Return to Syrian Antioch	
91986	Acts	44	14	26	The Report to the Church at Antioch	
92042	Acts	44	15	1	The Dispute over Circumcision	『genesis｜17｜9｜Genesis 17:9-27』『leviticus｜12｜1｜Leviticus 12:1-8』『joshua｜5｜1｜Joshua 5:1-9』
92160	Acts	44	15	5	The Council at Jerusalem	
92519	Acts	44	15	22	The Letter to the Gentile Believers	
92704	Acts	44	15	30	The Believers at Antioch Rejoice	
92801	Acts	44	15	36	Paul's Second Missionary Journey	『acts｜13｜1｜Acts 13:1-3』『acts｜18｜23｜Acts 18:23-28』
92919	Acts	44	16	1	Timothy Joins Paul and Silas	
93033	Acts	44	16	6	Paul's Vision of the Macedonian	
93136	Acts	44	16	11	Lydia’s Conversion in Philippi	『revelation｜2｜18｜Revelation 2:18-29』
93259	Acts	44	16	16	Paul and Silas Imprisoned	
93466	Acts	44	16	25	The Conversion of the Jailer	
93670	Acts	44	16	35	An Official Apology	
93799	Acts	44	17	1	Paul Preaches at Thessalonica	
93896	Acts	44	17	5	The Uproar in Thessalonica	
94002	Acts	44	17	10	The Character of the Bereans	
94163	Acts	44	17	16	Paul in Athens	
94314	Acts	44	17	22	Paul Before the Areopagus	
94611	Acts	44	18	1	Paul's Ministry in Corinth	
94865	Acts	44	18	12	Paul Before Gallio	
94990	Acts	44	18	18	Paul Returns to Antioch	
95100	Acts	44	18	23	Paul's Third Missionary Journey	『acts｜13｜1｜Acts 13:1-3』『acts｜15｜36｜Acts 15:36-41』
95243	Acts	44	19	1	The Holy Spirit Received at Ephesus	『joel｜2｜28｜Joel 2:28-32』『john｜14｜15｜John 14:15-26』『john｜16｜5｜John 16:5-16』『acts｜2｜1｜Acts 2:1-13』『acts｜10｜44｜Acts 10:44-48』
95382	Acts	44	19	8	Paul Ministers in Ephesus	『revelation｜2｜1｜Revelation 2:1-7』
95503	Acts	44	19	13	The Sons of Sceva	
95690	Acts	44	19	21	The Riot in Ephesus	
96163	Acts	44	20	1	Paul in Macedonia and Greece	
96292	Acts	44	20	7	Eutychus Revived at Troas	『john｜11｜38｜John 11:38-44』
96422	Acts	44	20	13	From Troas to Miletus	
96519	Acts	44	20	17	Paul's Farewell to the Ephesians	
96992	Acts	44	21	1	Paul's Journey to Jerusalem	
97152	Acts	44	21	8	Paul Visits Philip the Evangelist	
97355	Acts	44	21	17	Paul's Arrival at Jerusalem	
97590	Acts	44	21	27	Paul Seized in the Temple	
97841	Acts	44	21	37	Paul Speaks to the People	
97950	Acts	44	22	1	Paul's Defense to the Crowd	『acts｜9｜1｜Acts 9:1-9』『acts｜26｜1｜Acts 26:1-23』
98419	Acts	44	22	22	Paul the Roman Citizen	
98639	Acts	44	23	1	Paul Before the Sanhedrin	
98915	Acts	44	23	12	The Plot to Kill Paul	『john｜16｜1｜John 16:1-4』
99192	Acts	44	23	23	Paul Sent to Felix	
99443	Acts	44	24	1	Tertullus Prosecutes Paul	
99629	Acts	44	24	10	Paul's Defense to Felix	
99885	Acts	44	24	22	The Verdict Postponed	
100036	Acts	44	25	1	Paul's Trial Before Festus	
100232	Acts	44	25	10	The Appeal to Caesar	
100307	Acts	44	25	13	Festus Consults King Agrippa	
100531	Acts	44	25	23	Paul Before Agrippa and Bernice	
100675	Acts	44	26	1	Paul's Testimony to Agrippa	『acts｜9｜1｜Acts 9:1-9』『acts｜22｜1｜Acts 22:1-21』
101206	Acts	44	26	24	Festus Interrupts Paul's Defense	
101399	Acts	44	27	1	Paul Sails for Rome	
101675	Acts	44	27	13	The Storm at Sea	『jeremiah｜6｜10｜Jeremiah 6:10-21』『jeremiah｜25｜15｜Jeremiah 25:15-33』『jonah｜1｜4｜Jonah 1:4-10』『romans｜1｜18｜Romans 1:18-32』
101939	Acts	44	27	27	The Shipwreck	
102330	Acts	44	28	1	Ashore on Malta	
102568	Acts	44	28	11	Paul Arrives in Italy	
102665	Acts	44	28	16	Paul Preaches at Rome	
103071	Romans	45	1	1	Greeting the Saints in Rome	
103192	Romans	45	1	8	Paul's Desire to Visit Rome	『1_thessalonians｜2｜17｜1 Thessalonians 2:17-20』
103367	Romans	45	1	16	Unashamed of the Gospel	
103412	Romans	45	1	18	God's Wrath against Sin	『jeremiah｜6｜10｜Jeremiah 6:10-21』『jeremiah｜25｜15｜Jeremiah 25:15-33』『jonah｜1｜4｜Jonah 1:4-10』『acts｜27｜13｜Acts 27:13-26』
103742	Romans	45	2	1	God's Righteous Judgment	『genesis｜4｜1｜Genesis 4:1-7』『jude｜1｜3｜Jude 1:3-16』
104071	Romans	45	2	17	The Jews and the Law	
104308	Romans	45	3	1	God Remains Faithful	『psalms｜147｜1｜Psalm 147:1-20』『hebrews｜10｜1｜Hebrews 10:1-18』
104479	Romans	45	3	9	There is No One Righteous	『psalms｜14｜1｜Psalm 14:1-7』
104660	Romans	45	3	21	Righteousness through Faith	
104862	Romans	45	4	1	Abraham Justified by Faith	『genesis｜15｜1｜Genesis 15:1-7』『galatians｜3｜1｜Galatians 3:1-9』『hebrews｜11｜8｜Hebrews 11:8-19』『james｜2｜14｜James 2:14-26』
105097	Romans	45	4	13	Abraham Receives the Promise	『genesis｜15｜8｜Genesis 15:8-21』『numbers｜34｜1｜Numbers 34:1-15』
105364	Romans	45	5	1	The Triumph of Faith	『john｜14｜27｜John 14:27-31』
105466	Romans	45	5	6	Christ's Sacrifice for the Ungodly	『genesis｜22｜1｜Genesis 22:1-10』『john｜3｜16｜John 3:16-21』
105592	Romans	45	5	12	Death in Adam, Life in Christ	『genesis｜3｜1｜Genesis 3:1-7』『genesis｜7｜1｜Genesis 7:1-5』『2_peter｜3｜1｜2 Peter 3:1-9』
105880	Romans	45	6	1	Dead to Sin, Alive to God	『2_corinthians｜4｜7｜2 Corinthians 4:7-18』
106145	Romans	45	6	15	The Wages of Sin	『1_peter｜3｜14｜1 Peter 3:14-22』
106339	Romans	45	7	1	Release from the Law	『galatians｜3｜15｜Galatians 3:15-25』
106499	Romans	45	7	7	God's Law is Holy	
106625	Romans	45	7	13	Struggling with Sin	
106908	Romans	45	8	1	Living in the Spirit	『galatians｜5｜16｜Galatians 5:16-26』
107165	Romans	45	8	12	Heirs with Christ	『genesis｜21｜1｜Genesis 21:1-8』『galatians｜4｜1｜Galatians 4:1-7』
107271	Romans	45	8	18	Future Glory	『2_corinthians｜5｜1｜2 Corinthians 5:1-10』
107476	Romans	45	8	28	God Works In All Things	『ephesians｜1｜3｜Ephesians 1:3-14』
107626	Romans	45	8	35	More than Conquerors	『psalms｜44｜1｜Psalm 44:1-26』
107729	Romans	45	9	1	Paul's Concern for the Jews	
107834	Romans	45	9	6	God's Sovereign Choice	『genesis｜25｜19｜Genesis 25:19-28』『malachi｜1｜1｜Malachi 1:1-5』
108078	Romans	45	9	19	The Calling of the Gentiles	
108312	Romans	45	9	30	Israel's Unbelief	
108386	Romans	45	10	1	The Word Brings Salvation	
108817	Romans	45	11	1	The Remnant of Israel	
109043	Romans	45	11	11	The Ingrafting of the Gentiles	
109335	Romans	45	11	25	All Israel Shall Be Saved	
109486	Romans	45	11	33	A Hymn of Praise	『romans｜16｜25｜Romans 16:25-27』『jude｜1｜24｜Jude 1:24-25』
109555	Romans	45	12	1	Living Sacrifices	『1_corinthians｜3｜16｜1 Corinthians 3:16-18』『1_corinthians｜6｜18｜1 Corinthians 6:18-20』
109745	Romans	45	12	9	Love, Zeal, Hope, Hospitality	『john｜13｜31｜John 13:31-35』『1_john｜3｜11｜1 John 3:11-24』
109810	Romans	45	12	14	Forgiveness	『matthew｜18｜21｜Matthew 18:21-35』
109944	Romans	45	13	1	Submission to Authorities	『1_peter｜2｜13｜1 Peter 2:13-20』
110116	Romans	45	13	8	Love Fulfills the Law	『leviticus｜19｜9｜Leviticus 19:9-18』
110183	Romans	45	13	11	Put On Christ	
110270	Romans	45	14	1	The Law of Liberty	『matthew｜7｜1｜Matthew 7:1-6』『luke｜6｜37｜Luke 6:37-42』
110525	Romans	45	14	13	The Law of Love	『ezekiel｜14｜1｜Ezekiel 14:1-11』『1_corinthians｜8｜1｜1 Corinthians 8:1-13』
110753	Romans	45	15	1	Accept One Another	
110874	Romans	45	15	7	Christ the Servant of Jews and Gentiles	
111018	Romans	45	15	14	Paul the Minister to the Gentiles	
111209	Romans	45	15	23	Paul's Travel Plans	『1_corinthians｜16｜5｜1 Corinthians 16:5-9』
111429	Romans	45	16	1	Personal Greetings and Love	
111726	Romans	45	16	17	Avoid Divisions	
111836	Romans	45	16	21	Greetings from Paul's Companions	
111909	Romans	45	16	25	Doxology	『romans｜11｜33｜Romans 11:33-36』『jude｜1｜24｜Jude 1:24-25』
111976	1	46	1	1	Greetings from Paul	『2_corinthians｜1｜1｜2 Corinthians 1:1-2』
112043	1	46	1	4	Thanksgiving	『philippians｜1｜3｜Philippians 1:3-11』『colossians｜1｜3｜Colossians 1:3-14』『2_thessalonians｜1｜3｜2 Thessalonians 1:3-4』
112151	1	46	1	10	Unity in the Church	『psalms｜133｜1｜Psalm 133:1-3』『ephesians｜4｜1｜Ephesians 4:1-16』
112321	1	46	1	18	The Message of the Cross	
112479	1	46	1	26	Wisdom from God	
112600	1	46	2	1	Paul's Message by the Spirit's Power	
112697	1	46	2	6	Spiritual Wisdom	
112952	1	46	3	1	God's Fellow Workers	
113115	1	46	3	10	Christ Our Foundation	『isaiah｜28｜14｜Isaiah 28:14-22』『1_peter｜2｜4｜1 Peter 2:4-12』
113233	1	46	3	16	You are God's Temple	『romans｜12｜1｜Romans 12:1-8』『1_corinthians｜6｜18｜1 Corinthians 6:18-20』
113276	1	46	3	18	Worldly Wisdom	
113384	1	46	4	1	Servants of Christ	
113490	1	46	4	6	Fools for Christ	
113661	1	46	4	14	Paul Warns his Children	
113814	1	46	5	1	Immorality Rebuked	『leviticus｜20｜10｜Leviticus 20:10-21』『proverbs｜5｜1｜Proverbs 5:1-23』
113989	1	46	5	9	Expel the Immoral Brother	
114087	1	46	6	1	Lawsuits among Believers	
114234	1	46	6	9	Members of Christ	
114437	1	46	6	18	The Temple of the Holy Spirit	『romans｜12｜1｜Romans 12:1-8』『1_corinthians｜3｜16｜1 Corinthians 3:16-18』
114512	1	46	7	1	Principles of Marriage	
114857	1	46	7	17	Live Your Calling	
114988	1	46	7	25	The Unmarried and Widowed	
115359	1	46	8	1	Food Sacrificed to Idols	『ezekiel｜14｜1｜Ezekiel 14:1-11』『romans｜14｜13｜Romans 14:13-23』
115637	1	46	9	1	The Rights of an Apostle	『deuteronomy｜18｜1｜Deuteronomy 18:1-8』
116019	1	46	9	19	Paul the Servant to All	
116117	1	46	9	24	Run Your Race to Win	
116195	1	46	10	1	Warnings from Israel's Past	『numbers｜16｜41｜Numbers 16:41-50』『numbers｜25｜1｜Numbers 25:1-5』
116444	1	46	10	14	Flee from Idolatry	『exodus｜20｜22｜Exodus 20:22-23』『leviticus｜19｜1｜Leviticus 19:1-8』
116603	1	46	10	23	All to God's Glory	
116802	1	46	11	1	Roles in Worship	
117099	1	46	11	17	Sharing in the Lord's Supper	『matthew｜26｜26｜Matthew 26:26-30』『mark｜14｜22｜Mark 14:22-26』『luke｜22｜14｜Luke 22:14-23』
117469	1	46	12	1	Spiritual Gifts	
117664	1	46	12	12	The Body of Christ	
117975	1	46	12	27	The Greater Gifts	
118065	1	46	13	1	Love	
118314	1	46	14	1	Prophecy and Tongues	
118833	1	46	14	26	Orderly Worship	
119082	1	46	15	1	The Resurrection of Christ	
119287	1	46	15	12	The Resurrection of the Dead	
119430	1	46	15	20	The Order of Resurrection	
119705	1	46	15	35	The Resurrection Body	
119978	1	46	15	50	Where, O Death, is Your Victory?	『isaiah｜57｜1｜Isaiah 57:1-2』『hosea｜13｜14｜Hosea 13:14』
120163	1	46	16	1	The Collection for the Saints	
120242	1	46	16	5	Paul's Travel Plans	『romans｜15｜23｜Romans 15:23-33』
120323	1	46	16	10	Timothy Commended	
120399	1	46	16	13	Concluding Exhortations	
120495	1	46	16	19	Final Greetings	『2_thessalonians｜3｜16｜2 Thessalonians 3:16-18』
120582	2	47	1	1	Paul Greets the Corinthians	『1_corinthians｜1｜1｜1 Corinthians 1:1-3』
120631	2	47	1	3	The God of All Comfort	
120858	2	47	1	12	Paul's Change of Plans	
121166	2	47	2	1	Reaffirm Your Love	
121380	2	47	2	12	Triumph in Christ	
121519	2	47	3	1	Ministers of a New Covenant	
121646	2	47	3	7	The Glory of the New Covenant	『exodus｜34｜29｜Exodus 34:29-35』
121887	2	47	4	1	The Light of the Gospel	
122034	2	47	4	7	Treasures in Jars of Clay	『romans｜6｜1｜Romans 6:1-14』
122281	2	47	5	1	Our Eternal Dwelling	『romans｜8｜18｜Romans 8:18-27』
122470	2	47	5	11	Ambassadors for Christ	
122703	2	47	6	1	Paul's Hardships and God's Grace	
122929	2	47	6	14	Do Not Be Unequally Yoked	『exodus｜29｜45｜Exodus 29:45-46』
123041	2	47	7	1	Paul's Joy in the Corinthians	
123435	2	47	8	1	Generosity Commended	
123604	2	47	8	9	Christ's Example	
123753	2	47	8	16	Titus Commended	『titus｜1｜1｜Titus 1:1-4』
123941	2	47	9	1	God Loves a Cheerful Giver	『leviticus｜22｜17｜Leviticus 22:17-33』
124285	2	47	10	1	Paul's Apostolic Authority	
124668	2	47	11	1	Paul and the False Apostles	
124972	2	47	11	16	Paul's Suffering and Service	『colossians｜1｜24｜Colossians 1:24-29』
125300	2	47	12	1	Paul's Revelation	
125386	2	47	12	5	Paul's Thorn and God's Grace	
125532	2	47	12	11	Concern for the Corinthians	
125796	2	47	13	1	Examine Yourselves	
126023	2	47	13	11	Final Greetings and Blessing	
126089	Galatians	48	1	1	Paul's Greeting to the Galatians	
126184	Galatians	48	1	6	No Other Gospel	
126264	Galatians	48	1	10	Paul Preaches the Gospel	
126549	Galatians	48	2	1	The Council at Jerusalem	
126766	Galatians	48	2	11	Paul Confronts Cephas	
127019	Galatians	48	3	1	Faith and Belief	『genesis｜15｜1｜Genesis 15:1-7』『romans｜4｜1｜Romans 4:1-12』『hebrews｜11｜8｜Hebrews 11:8-19』『james｜2｜14｜James 2:14-26』
127172	Galatians	48	3	10	Christ Redeemed Us	『deuteronomy｜21｜22｜Deuteronomy 21:22-23』
127291	Galatians	48	3	15	The Purpose of the Law	『romans｜7｜1｜Romans 7:1-6』
127525	Galatians	48	3	26	Sons Through Faith in Christ	
127594	Galatians	48	4	1	Sons and Heirs	『genesis｜21｜1｜Genesis 21:1-8』『romans｜8｜12｜Romans 8:12-17』
127722	Galatians	48	4	8	Paul's Fears for the Galatians	
127945	Galatians	48	4	21	Hagar and Sarah	
128163	Galatians	48	5	1	Freedom in Christ	
128405	Galatians	48	5	16	Living by the Spirit	『romans｜8｜9｜Romans 8:9-11』
128581	Galatians	48	6	1	Carry One Another's Burdens	
128767	Galatians	48	6	11	Paul's Final Warning	
128862	Galatians	48	6	16	Benediction	
128921	Ephesians	49	1	1	Paul's Greeting to the Ephesians	
128959	Ephesians	49	1	3	Spiritual Blessings	『romans｜8｜28｜Romans 8:28-34』
129209	Ephesians	49	1	15	Spiritual Wisdom	
129414	Ephesians	49	2	1	Alive with Christ	
129619	Ephesians	49	2	11	One in Christ	
129797	Ephesians	49	2	19	A Temple in the Lord	
129864	Ephesians	49	3	1	The Mystery of the Gospel	
130118	Ephesians	49	3	14	Paul's Prayer for the Ephesians	
130278	Ephesians	49	4	1	Unity in the Body	『psalms｜133｜1｜Psalm 133:1-3』『1_corinthians｜1｜10｜1 Corinthians 1:10-17』
130593	Ephesians	49	4	17	New Life in Christ 	
130890	Ephesians	49	5	1	Imitators of God	
131022	Ephesians	49	5	8	Children of Light	
131232	Ephesians	49	5	21	Wives and Husbands	『songs｜1｜1｜Song of Solomon 1:1-3』『1_peter｜3｜1｜1 Peter 3:1-7』
131488	Ephesians	49	6	1	Children and Parents	『deuteronomy｜6｜20｜Deuteronomy 6:20-25』
131555	Ephesians	49	6	5	Slaves and Masters	『1_timothy｜6｜1｜1 Timothy 6:1-2』
131662	Ephesians	49	6	10	The Armor of God	
131896	Ephesians	49	6	21	Final Greetings	
131978	Philippians	50	1	1	Greetings from Paul and Timothy	『2_samuel｜6｜12｜2 Samuel 6:12-15』『1_chronicles｜15｜1｜1 Chronicles 15:1-14』『colossians｜1｜1｜Colossians 1:1-2』
132018	Philippians	50	1	3	Thanksgiving and Prayer	『1_corinthians｜1｜4｜1 Corinthians 1:4-9』『colossians｜1｜3｜Colossians 1:3-14』『2_thessalonians｜1｜3｜2 Thessalonians 1:3-4』
132198	Philippians	50	1	12	Paul's Trials Advance the Gospel	『james｜1｜2｜James 1:2-8』
132392	Philippians	50	1	21	To Live is Christ	
132503	Philippians	50	1	27	Worthy of the Gospel	
132601	Philippians	50	2	1	One in Christ	
132675	Philippians	50	2	5	The Attitude of Christ	『isaiah｜52｜13｜Isaiah 52:13-15』
132788	Philippians	50	2	12	Shining as Stars	『matthew｜5｜13｜Matthew 5:13-16』
132931	Philippians	50	2	19	Timothy and Epaphroditus	
133027	Philippians	50	2	25	Epaphroditus Commended	
133153	Philippians	50	3	1	Righteousness through Faith	
133265	Philippians	50	3	7	Knowing Christ Above All Else	
133377	Philippians	50	3	12	Pressing Toward the Goal	
133473	Philippians	50	3	17	Citizenship in Heaven	
133583	Philippians	50	4	1	Stand Firm in the Lord	
133719	Philippians	50	4	8	Think on These Things	
133773	Philippians	50	4	10	The Generosity of the Philippians	
133986	Philippians	50	4	21	Final Greetings	
134033	Colossians	51	1	1	Greetings from Paul and Timothy	『2_samuel｜6｜12｜2 Samuel 6:12-15』『1_chronicles｜15｜1｜1 Chronicles 15:1-14』『philippians｜1｜1｜Philippians 1:1-2』
134069	Colossians	51	1	3	Thanksgiving and Prayer	『1_corinthians｜1｜4｜1 Corinthians 1:4-9』『philippians｜1｜3｜Philippians 1:3-11』『2_thessalonians｜1｜3｜2 Thessalonians 1:3-4』
134325	Colossians	51	1	15	The Supremacy of Christ	『hebrews｜1｜1｜Hebrews 1:1-14』
134541	Colossians	51	1	24	Paul's Suffering for the Church	『2_corinthians｜11｜16｜2 Corinthians 11:16-33』
134688	Colossians	51	2	1	Absent in Body, Present in Spirit	『revelation｜3｜14｜Revelation 3:14-22』
134798	Colossians	51	2	6	Alive in Christ	
135170	Colossians	51	3	1	Putting on the New Self	
135510	Colossians	51	3	18	Christian Households	
135640	Colossians	51	4	1	Fellow Workers	
135743	Colossians	51	4	7	Final Greetings	
135937	Colossians	51	4	16	Sharing This Letter	
136000	1	52	1	1	Greetings to the Thessalonians	『2_thessalonians｜1｜1｜2 Thessalonians 1:1-2』『philemon｜1｜1｜Philemon 1:1-3』
136262	1	52	2	1	Paul's Ministry	
136647	1	52	2	17	Paul's Longing to Visit	『romans｜1｜8｜Romans 1:8-15』
136732	1	52	3	1	Timothy's Visit	
136840	1	52	3	6	Timothy's Encouraging Report	
137032	1	52	4	1	Living to Please God	
137273	1	52	4	13	The Return of the Lord	
137414	1	52	5	1	The Day of the Lord	『zephaniah｜1｜7｜Zephaniah 1:7-18』『2_peter｜3｜8｜2 Peter 3:8-13』
137610	1	52	5	12	Christian Living	
137753	1	52	5	23	Final Blessings	
137846	2	53	1	1	Greetings to the Thessalonians	『1_thessalonians｜1｜1｜1 Thessalonians 1:1-10』『philemon｜1｜1｜Philemon 1:1-3』
137943	2	53	1	5	Christ's Coming	
138129	2	53	2	1	The Man of Lawlessness	
138393	2	53	2	13	Stand Firm	
138512	2	53	3	1	Request for Prayer	
138608	2	53	3	6	Warning against Irresponsibility	
138802	2	53	3	16	Paul's Final Greetings	『1_corinthians｜16｜19｜1 Corinthians 16:19-24』
138859	1	54	1	1	Paul's Greeting to Timothy	『2_timothy｜1｜1｜2 Timothy 1:1-2』
138899	1	54	1	3	Warning against False Teaching	
139055	1	54	1	12	God's Grace to Paul	
139245	1	54	2	1	A Call to Prayer	
139381	1	54	2	9	Instructions to Women	
139491	1	54	3	1	Qualifications for Overseers	
139604	1	54	3	8	Qualifications for Deacons	『acts｜6｜1｜Acts 6:1-7』
139694	1	54	3	14	The Mystery of Godliness	
139762	1	54	4	1	Warnings against False Teachers	
139844	1	54	4	6	A Good Minister of Jesus Christ	『leviticus｜21｜1｜Leviticus 21:1-17』
140047	1	54	5	1	Guidelines for Reproof	
140074	1	54	5	3	Support for Widows	『ruth｜1｜1｜Ruth 1:1-5』
140315	1	54	5	17	Honoring Elders	
140385	1	54	5	21	A Charge to Timothy	
140477	1	54	6	1	Instructions to Servants	『ephesians｜6｜5｜Ephesians 6:5-9』
140533	1	54	6	3	Reject False Doctrines	
140599	1	54	6	6	Contentment in Godliness	
140688	1	54	6	11	Fight the Good Fight	
140819	1	54	6	17	A Charge to the Rich	
140875	1	54	6	20	Final Guidance	
140909	2	55	1	1	Paul's Greeting to Timothy	『1_timothy｜1｜1｜1 Timothy 1:1-2』
140946	2	55	1	3	Encouragement to Be Faithful	
141019	2	55	1	6	Patience in Persecution	『matthew｜10｜16｜Matthew 10:16-25』
141186	2	55	1	13	Hold to Sound Teaching	
141298	2	55	2	1	Grace and Perseverance	『hebrews｜12｜1｜Hebrews 12:1-3』
141500	2	55	2	14	The Lord's Approved Workman	
141761	2	55	3	1	Evil in the Last Days	
141909	2	55	3	10	All Scripture is God-Breathed	
142065	2	55	4	1	Preach the Word	
142230	2	55	4	9	Personal Concerns	
142343	2	55	4	16	The Lord Remains Faithful	
142419	2	55	4	19	Final Greetings	
142481	Titus	56	1	1	Paul's Greeting to Titus	『2_corinthians｜8｜16｜2 Corinthians 8:16-24』
142562	Titus	56	1	5	Appointing Elders on Crete	
142664	Titus	56	1	10	Correcting False Teachers	
142796	Titus	56	2	1	Teaching Sound Doctrine	
142949	Titus	56	2	11	God's Grace Brings Salvation	
143045	Titus	56	3	1	Obedience to Authorities	
143076	Titus	56	3	3	God's Mercy to Us	
143202	Titus	56	3	9	Avoiding Divisions	
143247	Titus	56	3	12	Final Remarks and Greetings	
143325	Philemon	57	1	1	Greetings from Paul and Timothy	『1_thessalonians｜1｜1｜1 Thessalonians 1:1-10』『2_thessalonians｜1｜1｜2 Thessalonians 1:1-2』
143378	Philemon	57	1	4	Philemon's Faith and Love	
143460	Philemon	57	1	8	Paul's Appeal for Onesimus	
143722	Philemon	57	1	23	Additional Greetings	
143761	Hebrews	58	1	1	The Supremacy of the Son	『colossians｜1｜15｜Colossians 1:15-23』
144074	Hebrews	58	2	1	Salvation Confirmed	
144155	Hebrews	58	2	5	Jesus Like His Brothers	
144470	Hebrews	58	3	1	Jesus Our Apostle and High Priest	
144589	Hebrews	58	3	7	Do Not Harden Your Hearts	
144683	Hebrews	58	3	12	The Peril of Unbelief	
144833	Hebrews	58	4	1	The Sabbath Rest	『genesis｜2｜1｜Genesis 2:1-3』『exodus｜16｜22｜Exodus 16:22-36』
145068	Hebrews	58	4	12	God's Word is Living and Active	
145127	Hebrews	58	4	14	Jesus the Great High Priest	
145189	Hebrews	58	5	1	The Perfect High Priest	『psalms｜110｜1｜Psalm 110:1-7』
145384	Hebrews	58	5	11	Warning against Drifting Away	
145477	Hebrews	58	6	1	A Call to Maturity	
145710	Hebrews	58	6	13	God's Unchangeable Promise	
145858	Hebrews	58	7	1	Melchizedek and Abraham	『genesis｜14｜17｜Genesis 14:17-24』
146066	Hebrews	58	7	11	A Superior Priesthood	
146426	Hebrews	58	8	1	Christ's Eternal Priesthood	
146543	Hebrews	58	8	6	The New Covenant	
146752	Hebrews	58	9	1	The Earthly Tabernacle	『exodus｜25｜1｜Exodus 25:1-9』『exodus｜40｜1｜Exodus 40:1-33』
146972	Hebrews	58	9	11	Redemption through His Blood	
147377	Hebrews	58	10	1	Christ's Perfect Sacrifice	『psalms｜147｜1｜Psalm 147:1-20』『romans｜3｜1｜Romans 3:1-8』
147708	Hebrews	58	10	19	A Call to Persevere	『jude｜1｜17｜Jude 1:17-23』
148083	Hebrews	58	11	1	Faith and Assurance	
148125	Hebrews	58	11	4	The Faith of Abel, Enoch, Noah	
148238	Hebrews	58	11	8	The Faith of Abraham and Sarah	『genesis｜15｜1｜Genesis 15:1-7』『romans｜4｜1｜Romans 4:1-12』『galatians｜3｜1｜Galatians 3:1-9』『james｜2｜14｜James 2:14-26』
148487	Hebrews	58	11	20	The Faith of Isaac, Jacob, Joseph	
148542	Hebrews	58	11	23	The Faith of Moses	
148674	Hebrews	58	11	30	The Faith of Many	
148877	Hebrews	58	12	1	The Call to Endurance	『2_timothy｜2｜1｜2 Timothy 2:1-13』
148957	Hebrews	58	12	4	God Disciplines His Sons	
149158	Hebrews	58	12	14	A Call to Holiness	『1_peter｜1｜13｜1 Peter 1:13-21』
149244	Hebrews	58	12	18	An Unshakable Kingdom	『exodus｜20｜18｜Exodus 20:18-21』『deuteronomy｜5｜22｜Deuteronomy 5:22-33』
149468	Hebrews	58	13	1	Brotherly Love	
149527	Hebrews	58	13	5	Christ's Unchanging Nature	
149719	Hebrews	58	13	15	Sacrifice, Obedience, and Prayer	
149821	Hebrews	58	13	20	Benediction and Farewell	
149947	James	59	1	1	Greetings from James	『jude｜1｜1｜Jude 1:1-2』
149966	James	59	1	2	Rejoicing in Trials	『philippians｜1｜12｜Philippians 1:12-20』
150168	James	59	1	13	Good and Perfect Gifts	
150273	James	59	1	19	Hearing and Doing	
150461	James	59	2	1	A Warning against Favoritism	
150714	James	59	2	14	Faith and Works	『genesis｜15｜1｜Genesis 15:1-7』『romans｜4｜1｜Romans 4:1-12』『galatians｜3｜1｜Galatians 3:1-9』『hebrews｜11｜8｜Hebrews 11:8-19』
150982	James	59	3	1	Taming the Tongue	
151240	James	59	3	13	The Wisdom from Above	
151349	James	59	4	1	Warning against Pride	
151480	James	59	4	7	Drawing Near to God	
151597	James	59	4	13	Do Not Boast of Tomorrow	
151694	James	59	5	1	Warning to the Rich	
151812	James	59	5	7	Patience in Suffering	『job｜1｜1｜Job 1:1-5』
151957	James	59	5	13	The Prayer of Faith	
152082	James	59	5	19	Restoring a Sinner	
152122	1	60	1	1	Greetings from Peter	『2_peter｜1｜1｜2 Peter 1:1-2』
152162	1	60	1	3	A Living Hope	
152380	1	60	1	13	A Call to Holiness	『hebrews｜12｜14｜Hebrews 12:14-17』
152548	1	60	1	22	The Word of the Lord Stands	『isaiah｜40｜6｜Isaiah 40:6-8』
152631	1	60	2	1	The Lord is Good	
152677	1	60	2	4	The Living Stone	『isaiah｜28｜14｜Isaiah 28:14-22』『1_corinthians｜3｜10｜1 Corinthians 3:10-15』
152880	1	60	2	13	Submission to Authorities	『romans｜13｜1｜Romans 13:1-7』
153023	1	60	2	21	Christ's Example of Suffering	『isaiah｜53｜1｜Isaiah 53:1-8』『matthew｜26｜57｜Matthew 26:57-68』『mark｜14｜53｜Mark 14:53-65』『john｜18｜19｜John 18:19-24』
153124	1	60	3	1	Wives and Husbands	『songs｜1｜1｜Song of Solomon 1:1-3』『ephesians｜5｜22｜Ephesians 5:22-33』
153274	1	60	3	8	Turning from Evil	
153385	1	60	3	14	Suffering for Righteousness	『romans｜6｜15｜Romans 6:15-23』
153582	1	60	4	1	Living for God's Glory	
153797	1	60	4	12	Suffering as Christians	
153972	1	60	5	1	Instructions to Elders	
154046	1	60	5	5	Cast Your Cares on Him	
154140	1	60	5	10	Benediction and Farewell	
154238	2	61	1	1	Greetings from Peter	『1_peter｜1｜1｜1 Peter 1:1-2』
154281	2	61	1	3	Partakers of the Divine Nature	
154563	2	61	1	16	Eyewitnesses of His Majesty	『matthew｜17｜1｜Matthew 17:1-13』『mark｜9｜1｜Mark 9:1-13』『luke｜9｜28｜Luke 9:28-36』
154707	2	61	2	1	Deliverance from False Prophets	
155170	2	61	3	1	The Coming Judgment	『genesis｜3｜1｜Genesis 3:1-7』『genesis｜7｜1｜Genesis 7:1-5』『romans｜5｜12｜Romans 5:12-21』
155322	2	61	3	8	The Day of the Lord	『zephaniah｜1｜7｜Zephaniah 1:7-18』『1_thessalonians｜5｜1｜1 Thessalonians 5:1-11』
155460	2	61	3	14	Final Exhortations	
155585	1	62	1	1	The Word of Life	『luke｜24｜36｜Luke 24:36-43』『john｜20｜19｜John 20:19-23』
155687	1	62	1	5	Walking in the Light	『john｜8｜12｜John 8:12-30』
155832	1	62	2	1	Jesus Our Advocate	
155963	1	62	2	7	A New Commandment	
156160	1	62	2	15	Do Not Love the World	
156243	1	62	2	18	Beware of Antichrists	
156387	1	62	2	24	Continue in Him	
156535	1	62	3	1	Children of God	
156777	1	62	3	11	Love One Another	『john｜13｜31｜John 13:31-35』『romans｜12｜9｜Romans 12:9-13』
157100	1	62	4	1	Testing the Spirits	
157267	1	62	4	7	Love Comes from God	
157638	1	62	5	1	Overcoming the World	
157843	1	62	5	9	God's Testimony about His Son	
157957	1	62	5	13	Effective Prayer	
158083	1	62	5	18	Concluding Remarks	
158179	2	63	1	1	Greeting from the Elder	『3_john｜1｜1｜3 John 1:1-4』
158250	2	63	1	4	Walking in the Truth	『john｜8｜30｜John 8:30-41』
158321	2	63	1	7	Beware of Deceivers	
158433	2	63	1	12	Final Greetings	
158477	3	64	1	1	Greeting to Gaius from the Elder	『2_john｜1｜1｜2 John 1:1-3』
158545	3	64	1	5	Gaius Commended for His Hospitality	
158608	3	64	1	9	Diotrephes and Demetrius	
158710	3	64	1	13	Conclusion	
158752	Jude	65	1	1	Greetings from Jude	『james｜1｜1｜James 1:1-1』
158784	Jude	65	1	3	God's Judgment on the Ungodly	『genesis｜4｜1｜Genesis 4:1-7』『romans｜2｜1｜Romans 2:1-16』
159142	Jude	65	1	17	A Call to Persevere	『hebrews｜10｜19｜Hebrews 10:19-39』
159264	Jude	65	1	24	Doxology	『romans｜11｜33｜Romans 11:33-36』『romans｜16｜25｜Romans 16:25-27』
159314	Revelation	66	1	1	Prologue	『daniel｜12｜1｜Daniel 12:1-13』
159387	Revelation	66	1	4	John Greets the Seven Churches	
159542	Revelation	66	1	9	John's Vision on Patmos	
159879	Revelation	66	2	1	To the Church in Ephesus	『acts｜19｜8｜Acts 19:8-12』
160054	Revelation	66	2	8	To the Church in Smyrna	
160168	Revelation	66	2	12	To the Church in Pergamum	
160339	Revelation	66	2	18	To the Church in Thyatira	『acts｜16｜11｜Acts 16:11-15』
160617	Revelation	66	3	1	To the Church in Sardis	
160784	Revelation	66	3	7	To the Church in Philadelphia	
161006	Revelation	66	3	14	To the Church in Laodicea	『colossians｜2｜1｜Colossians 2:1-5』
161231	Revelation	66	4	1	The Throne in Heaven	
161339	Revelation	66	4	5	Worship of the Creator	
161568	Revelation	66	5	1	The Scroll with Seven Seals	
161654	Revelation	66	5	5	The Lamb is Worthy	
161835	Revelation	66	5	11	The Lamb Exalted	
161970	Revelation	66	6	1	The First Seal: The White Horse	
162024	Revelation	66	6	3	The Second Seal: War	
162072	Revelation	66	6	5	The Third Seal: Famine	
162136	Revelation	66	6	7	The Fourth Seal: Death	
162203	Revelation	66	6	9	The Fifth Seal: The Martyrs	
162296	Revelation	66	6	12	The Sixth Seal: Terror	
162455	Revelation	66	7	1	144,000 Sealed	
162648	Revelation	66	7	9	Praise from the Great Multitude	
162921	Revelation	66	8	1	The Seventh Seal	
163048	Revelation	66	8	6	The First Four Trumpets	
163292	Revelation	66	9	1	The Fifth Trumpet	
163598	Revelation	66	9	13	The Sixth Trumpet	
163873	Revelation	66	10	1	The Angel and the Small Scroll	
164209	Revelation	66	11	1	The Two Witnesses	
164375	Revelation	66	11	7	The Witnesses Killed and Raised	
164607	Revelation	66	11	15	The Seventh Trumpet	
164784	Revelation	66	12	1	The Woman and the Dragon	
164952	Revelation	66	12	7	The War in Heaven	
165142	Revelation	66	12	13	The Woman Persecuted	
165290	Revelation	66	13	1	The Beast from the Sea	
165565	Revelation	66	13	11	The Beast from the Earth	
165716	Revelation	66	13	16	The Mark of the Beast	
165810	Revelation	66	14	1	The Lamb and the 144,000	
165968	Revelation	66	14	6	The Three Angels and Babylon's Fall	
166230	Revelation	66	14	14	The Harvest of the Earth	
166444	Revelation	66	15	1	The Song of Moses and the Lamb	
166583	Revelation	66	15	5	Preparation for Judgment	
166693	Revelation	66	16	1	The First Six Bowls of Wrath	
167108	Revelation	66	16	17	The Seventh Bowl of Wrath	
167247	Revelation	66	17	1	The Woman on the Beast	
167391	Revelation	66	17	6	The Mystery Explained	
167620	Revelation	66	17	14	The Victory of the Lamb	
167761	Revelation	66	18	1	Babylon is Fallen	
167998	Revelation	66	18	9	Lament over Babylon	
168352	Revelation	66	18	21	The Doom of Babylon	
168483	Revelation	66	19	1	Rejoicing in Heaven	
168619	Revelation	66	19	6	The Marriage of the Lamb	
168762	Revelation	66	19	11	The Rider on the White Horse	
168916	Revelation	66	19	17	Defeat of the Beast and False Prophet	
169093	Revelation	66	20	1	Satan Bound	
169293	Revelation	66	20	7	Satan Cast into the Lake of Fire	
169410	Revelation	66	20	11	The Final Judgment	
169560	Revelation	66	21	1	A New Heaven and a New Earth	
169796	Revelation	66	21	9	The New Jerusalem	
170283	Revelation	66	22	1	The River of Life	
170417	Revelation	66	22	6	Jesus is Coming	
170720	Revelation	66	22	18	Nothing May Be Added	
